spend_id,movie_id,channel,month,year,spend_usd,impressions,clicks,conversions,roi
1,1,Email,6,2024,869594.91,139924905,5385963,937288,2.14
2,1,Email,11,2024,2469611.15,212903803,13452943,1043435,3.02
3,1,Email,4,2024,2155547.07,239214466,15832788,2395151,1.72
4,1,Email,12,2024,2252784.03,245587190,12312470,1193227,3.55
5,1,Podcast,9,2024,1126639.31,115332599,7737407,743771,3.51
6,1,Podcast,2,2024,1901518.75,223005220,5884833,867281,2.42
7,1,Podcast,12,2024,1480862.68,131878851,10003356,1335876,3.44
8,1,Podcast,5,2024,1418075.6,212871235,12728454,2306443,3.37
9,1,Influencer,9,2024,1719828.25,248740105,12108321,1234345,1.93
10,1,Influencer,3,2024,552710.43,90873307,2333965,325548,1.88
11,1,Influencer,2,2024,970512.58,172884181,5990880,1105507,1.75
12,1,Influencer,1,2024,2697117.25,308670499,21566915,3650074,2.87
13,1,Social Media,5,2024,2790641.35,229380548,16432379,2336200,2.86
14,1,Social Media,4,2024,2085055.19,387015330,26266865,4863236,2.18
15,1,Digital Display,10,2024,1221021.08,191421630,7255990,954411,2.52
16,1,Digital Display,8,2024,828147.81,132243709,2779899,485980,3.52
17,1,TV Ads,10,2024,2931623.22,346010737,22584584,3901916,3.88
18,1,TV Ads,2,2024,2813306.87,362550216,24954892,2988030,2.07
19,1,TV Ads,5,2024,468296.55,40923588,1656440,203555,2.98
20,1,TV Ads,4,2024,2759191.72,419379381,10166652,803853,2.21
21,2,Social Media,4,2024,3613879.66,632780708,10448252,1355460,2.33
22,2,Social Media,8,2024,2676850.72,400400786,4476747,324657,1.93
23,2,Social Media,5,2024,4167192.43,478107570,23831096,1409744,3.91
24,2,Digital Display,6,2024,2744138.21,326234161,13847280,2720089,3.97
25,2,Digital Display,9,2024,693341.44,68490414,4569013,884010,2.74
26,2,Digital Display,8,2024,4079090.6,782027756,26770374,1507812,3.5
27,2,TV Ads,4,2024,3969954.42,363294623,10698579,1811424,3.97
28,2,TV Ads,12,2024,2532645.15,425769387,24056649,4162081,2.66
29,2,TV Ads,5,2024,731574.65,136994791,3564014,445229,3.13
30,2,TV Ads,1,2024,2198142.87,309261860,10009893,532236,3.33
31,2,Email,12,2024,1954893.16,282518405,4910320,841020,3.24
32,2,Email,2,2024,1328289.2,235324301,16750524,893085,3.54
33,2,Email,5,2024,4523535.9,398288987,8739088,851843,1.77
34,2,Email,7,2024,3118643.1,279067624,12213270,2304520,3.34
35,3,Social Media,3,2023,1507386.64,286471907,4388307,516695,2.83
36,3,Social Media,6,2023,1187782.51,161281252,4795064,632765,3.06
37,3,Digital Display,3,2023,868813.28,71287182,2250825,207253,1.74
38,3,Digital Display,4,2023,1756813.64,299201505,3390595,389834,3.37
39,3,Digital Display,10,2023,1001521.63,125810452,4086878,494047,3.03
40,3,Digital Display,11,2023,1467682.61,268807800,13177083,2572703,3.38
41,3,Email,12,2023,1158355.0,212575784,4197511,723815,2.89
42,3,Email,6,2023,1166512.72,156164717,1654628,189910,2.06
43,3,Cinema,11,2023,766539.7,97729557,7424621,462967,2.82
44,3,Cinema,5,2023,608775.0,50863742,2435611,224656,2.79
45,3,Cinema,12,2023,734065.12,69458252,4164907,708300,2.02
46,3,Influencer,8,2023,1112014.37,214115379,12841785,865229,2.99
47,3,Influencer,11,2023,1301788.42,163524210,4810660,667475,3.81
48,3,Influencer,5,2023,262484.79,25238193,1273675,124097,2.0
49,3,Influencer,4,2023,1412331.61,216940261,9769319,1417348,2.61
50,3,TV Ads,3,2023,1549323.39,290306342,6764617,983967,3.23
51,3,TV Ads,6,2023,570832.66,110731035,2257855,387656,3.47
52,3,TV Ads,1,2023,517474.75,50246301,1632272,273987,3.95
53,4,Digital Display,8,2025,3565089.04,655610654,45112486,8393758,2.03
54,4,Digital Display,9,2025,1727008.01,340514877,8406255,616360,1.97
55,4,Digital Display,6,2025,1847788.68,149475299,4838283,791043,3.25
56,4,Digital Display,12,2025,1712106.38,312863982,4570183,260664,3.0
57,4,TV Ads,10,2025,2499793.9,253998215,16561708,3297483,2.37
58,4,TV Ads,12,2025,2512498.63,431239668,4811854,255325,2.37
59,4,TV Ads,7,2025,1731386.1,153523055,5396659,380477,3.76
60,4,TV Ads,3,2025,984434.72,179491461,6813304,1284603,3.04
61,4,Influencer,8,2025,3085953.08,359632289,20284405,3234063,2.28
62,4,Influencer,6,2025,1353498.03,201581679,8150730,775646,3.69
63,4,Influencer,10,2025,2224356.97,399853330,21042276,2001305,3.21
64,4,Social Media,9,2025,720403.77,133094164,2337188,301993,3.66
65,4,Social Media,7,2025,3377124.41,612486524,24917084,3536512,3.45
66,4,Social Media,11,2025,2493966.44,203313138,7947154,1053479,2.05
67,4,Social Media,10,2025,582365.75,59841034,2163114,248309,2.77
68,4,Email,3,2025,1124686.33,173571455,12965113,1865356,3.39
69,4,Email,2,2025,1476516.07,256466472,18777295,1020018,2.7
70,4,Email,7,2025,1549510.58,208841017,16648804,2111345,1.92
71,4,Podcast,6,2025,2545624.34,382316709,16966794,1771109,3.9
72,4,Podcast,10,2025,3452950.6,324937225,10241703,1002331,3.35
73,4,Podcast,4,2025,544989.55,92234566,1858771,124770,1.7
74,5,Cinema,2,2025,357977.7,68680875,1537165,107075,1.93
75,5,Cinema,5,2025,694100.46,66667547,4891270,438323,0.73
76,5,Email,4,2025,503498.39,51892865,3705976,224640,1.67
77,5,Email,10,2025,426070.87,34679945,408641,64300,0.75
78,5,Email,6,2025,317395.11,27326348,671679,126607,2.75
79,5,Email,12,2025,300283.51,31054033,1139487,63063,2.35
80,5,TV Ads,8,2025,265140.26,23472973,1610848,264655,1.45
81,5,TV Ads,3,2025,773822.62,100213558,2230504,191153,2.45
82,5,TV Ads,1,2025,386349.29,37056246,978271,52750,0.72
83,5,TV Ads,12,2025,399985.56,35723831,498848,27517,2.32
84,5,Podcast,9,2025,734491.74,125883027,3677710,403368,2.05
85,5,Podcast,8,2025,327618.53,54989010,1684860,208858,1.36
86,5,Social Media,11,2025,510494.41,101995450,2138130,302233,1.83
87,5,Social Media,7,2025,650664.89,94796865,1392287,175476,1.95
88,5,Social Media,10,2025,578595.49,51017293,3795679,758809,1.58
89,6,Social Media,8,2024,1153862.02,138839372,6212162,617670,3.16
90,6,Social Media,11,2024,1117427.83,142594991,2652525,164536,2.74
91,6,Social Media,2,2024,1650260.7,278824776,22180163,1968089,1.95
92,6,Influencer,6,2024,687597.85,128334317,8444067,1031783,3.76
93,6,Influencer,8,2024,2189526.13,404059710,18972290,1782428,2.93
94,6,Influencer,5,2024,690148.5,131846536,8595130,579888,3.92
95,6,Podcast,3,2024,1596412.78,195099816,5675994,517658,2.73
96,6,Podcast,10,2024,639228.48,63873226,1817367,309570,1.95
97,6,TV Ads,5,2024,655442.02,55700281,2238952,355381,2.03
98,6,TV Ads,11,2024,873844.29,171849186,4873761,559362,2.44
99,6,TV Ads,10,2024,1803996.17,158869451,3566035,208338,2.91
100,6,TV Ads,2,2024,614741.67,72718853,1506468,207925,2.74
101,7,Email,1,2024,222923.32,39949937,2095942,361847,3.59
102,7,Email,10,2024,863112.89,88157152,1779705,206467,3.89
103,7,Email,6,2024,604804.03,73867543,2054467,149341,3.31
104,7,Email,2,2024,241428.58,46354539,2901037,351293,2.38
105,7,TV Ads,3,2024,276110.26,32968281,827814,52260,3.31
106,7,TV Ads,4,2024,377830.25,58477821,2020192,108963,2.37
107,7,Podcast,10,2024,1046902.72,175375068,12338737,789900,3.6
108,7,Podcast,8,2024,537918.37,57807806,2204436,321344,2.71
109,7,Cinema,5,2024,637827.56,59902253,3638243,659155,2.42
110,7,Cinema,9,2024,772095.38,101800520,2174414,410254,2.28
111,7,Cinema,2,2024,1054429.83,133731102,4306638,596946,2.63
112,7,Cinema,11,2024,661825.89,126711964,8080263,1235702,3.57
113,7,Social Media,10,2024,886927.94,101109262,5664788,325719,3.18
114,7,Social Media,3,2024,385720.61,70229189,2630992,147927,2.88
115,7,Social Media,8,2024,263703.8,24453854,418211,23016,1.75
116,8,Influencer,3,2024,548773.57,52357605,2354546,203185,2.45
117,8,Influencer,2,2024,573852.16,49776516,776050,117832,2.72
118,8,Influencer,8,2024,356453.29,53276941,2451359,146612,0.62
119,8,Podcast,8,2024,339211.82,64460486,2604139,469538,2.68
120,8,Podcast,2,2024,131769.06,16904507,1341820,77315,1.11
121,8,Podcast,10,2024,303118.01,44234396,2547217,412803,1.7
122,8,Email,5,2024,509422.89,58290679,820537,74574,1.92
123,8,Email,11,2024,409463.53,52609584,3664363,305321,1.47
124,8,Email,12,2024,713020.67,121009697,3888308,294814,1.26
125,8,Email,10,2024,201831.48,37744775,1491345,290059,2.66
126,8,TV Ads,2,2024,322376.28,38015043,1098291,169445,2.41
127,8,TV Ads,6,2024,715226.51,135296713,2192286,159371,2.69
128,8,Cinema,9,2024,415970.61,34469898,2738710,225092,1.25
129,8,Cinema,7,2024,695225.58,111975049,4386100,672071,1.63
130,8,Digital Display,2,2024,321380.65,63152375,2863350,502712,2.53
131,8,Digital Display,1,2024,205660.39,39085450,1037251,79335,1.2
132,8,Digital Display,5,2024,219781.6,33836295,1594900,204130,1.59
133,8,Social Media,6,2024,310016.8,54428705,2046725,248503,2.71
134,8,Social Media,3,2024,200823.04,28938573,2055577,138981,0.92
135,9,Podcast,9,2024,1750557.91,212930140,13802983,1658423,3.54
136,9,Podcast,8,2024,666051.5,111573981,8449456,1020954,2.75
137,9,Podcast,5,2024,1053444.54,198340564,4538996,249473,2.67
138,9,Podcast,3,2024,805816.17,126846446,6706356,559806,2.97
139,9,Digital Display,3,2024,2900615.13,573467763,37005446,1904667,3.69
140,9,Digital Display,10,2024,1061663.45,165831284,5822336,500615,3.69
141,9,Digital Display,8,2024,2434458.5,393876657,20412005,1741893,2.98
142,9,Social Media,11,2024,646358.99,74078610,5774994,629271,3.93
143,9,Social Media,9,2024,2094990.35,198744713,6535205,753801,2.15
144,9,Social Media,5,2024,2366551.1,403077459,5480120,825527,2.79
145,9,Social Media,7,2024,1468517.0,252238544,17603481,898043,2.12
146,9,Cinema,6,2024,1268307.94,158429003,12087867,1658138,2.16
147,9,Cinema,9,2024,2945093.21,355350004,5852858,1105226,2.96
148,10,TV Ads,8,2025,397630.44,53417072,2445361,350009,2.02
149,10,TV Ads,12,2025,587658.33,99556733,1508145,75504,1.76
150,10,TV Ads,3,2025,525950.69,60058267,2185072,193345,2.91
151,10,TV Ads,11,2025,390796.82,35959885,1553749,178380,2.87
152,10,Influencer,6,2025,217066.64,26833680,1980920,215089,3.77
153,10,Influencer,8,2025,415545.32,67784395,5270047,351155,2.89
154,10,Influencer,12,2025,350747.72,60619445,4135510,581617,2.28
155,10,Influencer,3,2025,370034.65,58424389,1130675,180666,3.81
156,10,Digital Display,3,2025,487971.48,53447602,1459618,96470,3.81
157,10,Digital Display,2,2025,323332.12,47956203,2276102,164166,3.95
158,10,Digital Display,6,2025,551562.05,104193893,1780518,213799,3.74
159,10,Digital Display,5,2025,401369.07,34606416,2280884,434690,3.79
160,10,Podcast,1,2025,389698.43,42222093,1094061,180565,3.1
161,10,Podcast,11,2025,498335.66,81208148,4987966,937193,3.75
162,10,Podcast,2,2025,411237.83,77432944,1948149,170697,2.12
163,10,Social Media,12,2025,256039.22,42545549,961996,133100,3.5
164,10,Social Media,10,2025,162332.8,22223997,512715,50171,3.5
165,10,Social Media,1,2025,543637.27,44227409,2917858,327415,1.83
166,10,Cinema,4,2025,248154.8,28164660,376097,60764,3.04
167,10,Cinema,1,2025,445200.72,38789453,2721436,328420,3.58
168,10,Cinema,8,2025,345942.44,59156329,1708686,299881,3.07
169,10,Cinema,12,2025,154789.14,27138403,2110252,178577,2.28
170,11,Influencer,3,2023,3111563.26,414433980,12106287,1264658,1.86
171,11,Influencer,1,2023,3348422.24,629004660,22749393,4171475,2.48
172,11,Digital Display,3,2023,1567067.72,280410052,7352905,1406355,1.98
173,11,Digital Display,11,2023,3797001.92,552415382,14825905,2568176,2.25
174,11,Digital Display,8,2023,3896865.97,322708175,13647058,1065026,3.7
175,11,Podcast,9,2023,1921746.65,370446626,5385751,788614,1.94
176,11,Podcast,6,2023,2943135.92,369584832,23930683,2024514,1.99
177,11,Podcast,8,2023,2056753.25,395297658,6392963,1239518,3.13
178,11,Email,9,2023,2315373.84,399908076,8163590,551988,3.54
179,11,Email,2,2023,2401517.86,341481215,23995187,4019782,2.11
180,11,Email,11,2023,2216896.58,191146819,6955450,584482,2.88
181,11,Cinema,9,2023,1901084.77,191307494,12277629,618120,3.14
182,11,Cinema,1,2023,3298967.42,505493924,27179878,2968674,1.83
183,11,Cinema,12,2023,2419433.24,359833700,10097553,1667379,2.19
184,11,Cinema,6,2023,3508916.47,283477149,4779518,588203,2.12
185,11,Social Media,9,2023,672006.72,82100670,1471198,139751,3.48
186,11,Social Media,3,2023,1857040.56,249015328,9790428,1913972,1.96
187,11,TV Ads,3,2023,1078864.74,119850017,2029607,169174,2.07
188,11,TV Ads,1,2023,869106.85,133436689,9504476,1778974,3.44
189,12,TV Ads,5,2024,1406577.98,161239769,12722967,1101967,2.96
190,12,TV Ads,1,2024,1415243.58,125118571,6364611,823035,3.35
191,12,TV Ads,11,2024,1376267.18,179361424,2424987,464584,3.31
192,12,Social Media,5,2024,719564.88,127275918,9578071,1755643,1.78
193,12,Social Media,1,2024,689197.69,70530476,3496597,282901,2.74
194,12,Cinema,2,2024,508695.39,48224190,2123638,239524,2.02
195,12,Cinema,9,2024,1430430.27,185697216,14171302,2634465,2.97
196,12,Cinema,3,2024,1122806.6,194169295,6124497,1198461,2.36
197,12,Cinema,4,2024,1344067.11,212317774,5781843,587498,3.77
198,12,Digital Display,11,2024,641220.05,55058519,1387544,201292,2.09
199,12,Digital Display,2,2024,1435708.78,274612168,18793863,3148365,2.41
200,12,Email,9,2024,385645.48,53703956,2607848,268999,1.86
201,12,Email,8,2024,853944.39,89695116,3103630,531042,3.04
202,12,Email,10,2024,1442798.3,219210283,15498412,2035311,3.38
203,12,Influencer,9,2024,908703.39,168506439,2866054,363423,2.66
204,12,Influencer,8,2024,1451375.34,223610108,14485970,2062496,3.76
205,13,Influencer,1,2025,135951.26,25467768,546067,32365,1.74
206,13,Influencer,3,2025,739272.01,69663113,4688875,889871,1.72
207,13,TV Ads,4,2025,693473.12,121730559,6223081,1217973,1.06
208,13,TV Ads,9,2025,248157.03,32672546,1894373,282251,1.16
209,13,Cinema,4,2025,586703.11,95652466,1856069,170418,0.95
210,13,Cinema,6,2025,623456.08,58234943,4289729,278482,1.42
211,13,Digital Display,6,2025,554856.04,106784464,7639035,462929,1.13
212,13,Digital Display,2,2025,129309.04,14492640,376035,53409,1.58
213,13,Digital Display,1,2025,780585.5,99935768,1806475,233475,1.78
214,13,Digital Display,4,2025,405716.1,34258078,929202,173980,1.85
215,13,Email,5,2025,458796.21,40553782,2969281,509251,0.89
216,13,Email,11,2025,363031.49,64441957,1789154,166571,1.71
217,13,Podcast,2,2025,732877.17,127230162,7787258,1530566,0.68
218,13,Podcast,11,2025,675264.06,55504465,2934810,561878,2.21
219,13,Social Media,7,2025,151787.97,16307965,416644,41969,2.42
220,13,Social Media,9,2025,520768.07,94372196,2655956,225358,0.81
221,13,Social Media,2,2025,614702.74,96841895,6248942,507251,2.12
222,14,TV Ads,2,2024,1625747.12,212116425,15364529,1151702,3.25
223,14,TV Ads,10,2024,2390780.88,318120180,19808590,1582299,2.95
224,14,TV Ads,4,2024,1920925.09,309359340,22096685,1879622,2.36
225,14,Digital Display,1,2024,1836900.39,225213521,17744758,1651890,2.69
226,14,Digital Display,3,2024,937347.48,173173811,13319215,2573198,2.58
227,14,Email,7,2024,1444264.03,199446752,8964577,1399145,3.44
228,14,Email,6,2024,682271.28,63828673,1227078,178444,2.45
229,14,Email,2,2024,1080428.73,124381325,2188384,301977,1.71
230,14,Cinema,12,2024,1728473.9,183648704,9038980,796301,1.73
231,14,Cinema,6,2024,432365.25,43106952,3330083,419865,3.5
232,14,Influencer,7,2024,2517271.73,312998745,12433828,665246,3.53
233,14,Influencer,5,2024,2293683.4,195734462,7799570,755985,1.82
234,14,Social Media,5,2024,2425718.62,474308823,32576511,3101582,2.64
235,14,Social Media,10,2024,1164032.07,139417405,2311739,345516,2.05
236,14,Social Media,12,2024,852445.83,73342250,5790643,746188,2.17
237,14,Social Media,1,2024,2123588.63,317209499,17785096,3321864,2.31
238,14,Podcast,6,2024,1406331.95,254474071,17053902,2944661,3.26
239,14,Podcast,12,2024,647150.84,94083443,2233212,275088,3.04
240,14,Podcast,1,2024,947944.52,79262162,1083155,64687,3.73
241,15,Email,12,2025,2556402.03,481810192,25366035,2424418,2.01
242,15,Email,7,2025,2132455.62,384290248,6936425,765908,2.64
243,15,Influencer,9,2025,1510205.19,209006357,13938107,2704190,3.04
244,15,Influencer,10,2025,2582222.19,361516626,27326728,3906550,3.93
245,15,Influencer,3,2025,867766.47,106997342,2008019,342891,3.23
246,15,Influencer,12,2025,2277495.95,268524656,17224138,2597478,1.78
247,15,Podcast,8,2025,555449.61,74912230,3528722,703164,1.78
248,15,Podcast,10,2025,2336738.0,272957666,11508368,685022,2.3
249,15,Podcast,5,2025,1349463.46,146025139,8396046,1297905,2.32
250,15,Podcast,9,2025,2525886.37,415454489,8420339,426222,3.27
251,15,Cinema,9,2025,2610582.02,447202710,18302873,2349434,3.03
252,15,Cinema,8,2025,1384041.92,121994124,5717227,1035597,2.24
253,15,TV Ads,11,2025,1354311.97,117775745,6987152,1173969,3.36
254,15,TV Ads,3,2025,1322018.08,142155572,3190199,229127,2.26
255,15,Social Media,7,2025,611516.84,115098929,3456485,376750,3.91
256,15,Social Media,1,2025,2236941.25,318704097,24494552,1838650,3.8
257,16,TV Ads,9,2025,332257.87,59673439,3600458,222484,2.89
258,16,TV Ads,4,2025,383401.21,49328851,2921674,209047,2.88
259,16,TV Ads,10,2025,261421.06,21639799,1287634,202620,3.22
260,16,Digital Display,5,2025,352865.83,31595849,1187292,100987,3.18
261,16,Digital Display,9,2025,364986.1,31324288,650718,56233,2.72
262,16,Digital Display,12,2025,107267.97,11315177,236962,21169,3.79
263,16,Digital Display,8,2025,396975.17,78211215,3174500,296344,3.69
264,16,Cinema,5,2025,96080.7,13805916,1065159,173541,3.7
265,16,Cinema,4,2025,247628.45,32552438,1864431,344460,3.65
266,16,Cinema,12,2025,469513.49,58621278,835862,53924,2.62
267,16,Influencer,6,2025,118312.3,17630427,320713,20097,2.64
268,16,Influencer,10,2025,466091.89,65903850,1066784,158016,1.76
269,16,Influencer,9,2025,207026.07,39412923,2134258,178104,1.84
270,17,Digital Display,10,2025,1133676.91,195351229,15391026,2502364,2.45
271,17,Digital Display,6,2025,1948700.63,156618406,6144922,1000859,2.38
272,17,Digital Display,4,2025,990023.94,151227606,10535329,1866676,3.01
273,17,Digital Display,8,2025,3331269.49,513604688,20041219,3413851,2.73
274,17,TV Ads,1,2025,2971555.49,245591983,4170316,681352,3.32
275,17,TV Ads,7,2025,2708898.03,218119643,4254059,347406,3.23
276,17,Cinema,6,2025,1283243.2,208606431,12610814,1121311,2.18
277,17,Cinema,5,2025,2003975.48,363877439,13804707,2327595,2.6
278,17,Influencer,5,2025,3470212.12,369434369,16838657,1475653,3.04
279,17,Influencer,2,2025,1839629.5,188364646,14457338,1214870,3.13
280,17,Influencer,3,2025,2207255.55,250310215,19094402,3293943,2.2
281,17,Influencer,11,2025,1996764.32,336212244,20284185,2831524,3.05
282,17,Podcast,1,2025,2531795.58,226647777,7817239,503044,3.15
283,17,Podcast,8,2025,3095005.22,273499706,19261219,3669035,2.92
284,17,Podcast,10,2025,771041.16,131768829,8916324,713393,3.68
285,17,Podcast,4,2025,2512553.46,400219179,14145451,2108863,3.48
286,18,Podcast,11,2023,332896.09,32656463,955467,134283,1.72
287,18,Podcast,6,2023,195060.11,37937898,831877,132492,2.92
288,18,TV Ads,1,2023,355151.4,50881237,1965576,378789,2.42
289,18,TV Ads,7,2023,700774.52,122838977,6232175,1157714,3.26
290,18,Social Media,7,2023,727052.89,110956077,2433171,312640,3.06
291,18,Social Media,10,2023,301007.37,43157571,2395584,327260,2.87
292,18,Social Media,12,2023,215403.62,35595981,1295809,205107,2.14
293,18,Cinema,1,2023,397396.38,51001490,3967410,668880,3.4
294,18,Cinema,6,2023,665842.44,77792230,4818253,369790,2.94
295,18,Digital Display,4,2023,197077.4,19509030,734905,144701,3.92
296,18,Digital Display,3,2023,182395.22,28781022,654429,75810,3.09
297,18,Digital Display,6,2023,879694.07,82245992,3319653,509915,2.98
298,18,Digital Display,10,2023,499548.24,50057780,953064,105167,1.87
299,19,Cinema,11,2024,764327.86,143585480,10356942,1166794,3.23
300,19,Cinema,1,2024,1276427.27,119600793,8875525,1079283,3.64
301,19,Cinema,4,2024,603822.36,75745780,874342,104793,1.77
302,19,Social Media,1,2024,1153295.15,209849594,13869013,2193424,2.84
303,19,Social Media,11,2024,1132334.23,116209184,6846397,1046941,2.27
304,19,Podcast,12,2024,891227.83,103481292,3384635,503310,2.28
305,19,Podcast,2,2024,573016.29,80526541,5373554,278995,3.9
306,19,Podcast,3,2024,822429.11,69766618,3381818,251332,2.04
307,19,Podcast,10,2024,1506825.29,276917227,16790869,3129146,3.69
308,19,TV Ads,3,2024,254633.97,44204209,2973888,380899,3.89
309,19,TV Ads,5,2024,1306398.41,243953196,10943401,1489721,2.92
310,19,Email,2,2024,1718828.53,312303864,6304037,926570,2.01
311,19,Email,7,2024,1079473.91,126285666,9123826,648084,1.96
312,19,Email,3,2024,570413.36,54942147,2389870,426696,3.68
313,19,Influencer,3,2024,1897965.83,362713777,23935437,2993760,1.79
314,19,Influencer,2,2024,673420.74,71113346,3825608,404359,2.46
315,19,Influencer,10,2024,345944.32,53137788,2417373,267189,2.24
316,19,Influencer,11,2024,429015.89,69465291,2265053,445104,3.54
317,20,Influencer,5,2024,92923.87,12717008,980160,65078,2.39
318,20,Influencer,7,2024,269205.02,41605620,2922167,347480,1.05
319,20,Influencer,4,2024,276754.76,44361383,1244129,70515,2.76
320,20,Influencer,6,2024,532041.47,106143904,5923335,877246,2.79
321,20,Email,3,2024,228857.94,35535192,971612,192929,2.46
322,20,Email,11,2024,263355.57,21672647,1090363,140578,1.17
323,20,Podcast,4,2024,426739.76,42365236,3098304,386825,0.71
324,20,Podcast,12,2024,591188.09,80874859,3886684,676719,1.41
325,20,Podcast,9,2024,220626.57,25837700,918433,134390,1.44
326,20,Social Media,9,2024,414629.71,52986122,4041447,418312,1.23
327,20,Social Media,7,2024,162562.22,27959925,382928,24621,1.71
328,20,Social Media,12,2024,194115.23,16833346,1332275,259344,2.34
329,21,Social Media,6,2023,1881260.97,339440079,7574294,629392,3.92
330,21,Social Media,2,2023,1374252.4,270335355,8665151,1223317,1.99
331,21,Social Media,12,2023,1913015.09,280449867,5855672,604569,2.88
332,21,Social Media,5,2023,1004801.58,84448012,4603608,903315,3.24
333,21,Podcast,1,2023,2131713.68,358098195,20337203,1327279,2.4
334,21,Podcast,6,2023,1127263.03,183247248,14354671,2114726,2.91
335,21,Podcast,12,2023,434091.73,72970393,4306608,802634,2.52
336,21,Podcast,5,2023,1768472.18,307441310,11657783,1092962,2.33
337,21,Digital Display,7,2023,738613.38,102882410,5041696,774115,3.64
338,21,Digital Display,6,2023,2640716.21,482733865,16892501,2108597,2.04
339,21,Digital Display,9,2023,1257804.24,118898252,1903260,101349,3.99
340,21,Influencer,9,2023,1419076.9,191568775,8542301,1376698,3.04
341,21,Influencer,5,2023,466713.19,69766535,2973249,259115,2.73
342,21,Influencer,10,2023,1200573.64,148095146,9552027,1369979,2.38
343,21,TV Ads,2,2023,2026692.23,208207488,7663302,822361,3.72
344,21,TV Ads,11,2023,574404.42,57274324,2009029,201491,2.01
345,21,Email,4,2023,2462730.03,366772956,5758057,699313,3.05
346,21,Email,9,2023,2514151.93,424966195,24615480,2954840,3.09
347,21,Email,7,2023,961853.66,149145005,8118247,988250,3.92
348,21,Email,3,2023,880814.72,152871695,9887496,1265805,2.57
349,21,Cinema,8,2023,2739245.67,499820586,25003732,2195001,3.23
350,21,Cinema,2,2023,2737252.03,400916953,12413034,1802256,2.72
351,22,Digital Display,3,2024,1002044.11,116209757,4469160,344834,3.58
352,22,Digital Display,4,2024,457733.35,57231578,2171066,332969,3.36
353,22,TV Ads,7,2024,591368.07,47691870,1613689,252078,2.21
354,22,TV Ads,5,2024,449306.82,42633337,3139899,349786,2.44
355,22,Influencer,12,2024,974275.76,137374011,5660930,336555,3.77
356,22,Influencer,1,2024,367523.55,61585473,1376194,165602,2.25
357,22,Influencer,5,2024,619206.55,111395808,5158037,593571,2.05
358,22,Podcast,6,2024,977820.79,155055325,2217341,214883,2.78
359,22,Podcast,4,2024,626737.92,83118195,2308223,368219,2.67
360,22,Podcast,10,2024,554018.51,63118088,1858400,250448,2.61
361,22,Email,6,2024,157018.22,12783033,382113,30778,3.39
362,22,Email,2,2024,363497.11,44057268,3521350,232077,1.81
363,22,Email,7,2024,795863.91,108667577,7098368,1123709,3.14
364,22,Email,1,2024,163993.59,30894595,1792340,293590,2.54
365,22,Social Media,1,2024,932815.95,125902085,2927344,184853,2.06
366,22,Social Media,11,2024,410725.24,65576981,4054518,804164,2.94
367,23,TV Ads,1,2025,2151533.71,299022820,17781377,2944631,2.74
368,23,TV Ads,2,2025,1386446.06,257230223,5705721,642825,1.76
369,23,TV Ads,9,2025,958493.33,182802506,9922562,1587765,2.31
370,23,TV Ads,12,2025,2603490.81,368535124,5584474,716583,3.16
371,23,Social Media,3,2025,924062.3,167187378,7944963,941831,2.0
372,23,Social Media,1,2025,2553819.04,213775495,4544465,609786,2.5
373,23,Social Media,7,2025,1064112.75,181022900,6216466,607306,2.06
374,23,Influencer,4,2025,3115351.24,272462038,2882381,556505,1.94
375,23,Influencer,9,2025,1918076.03,180047176,12239042,2060589,3.09
376,23,Influencer,5,2025,2701601.49,349084525,7190313,1003944,3.45
377,23,Digital Display,5,2025,1606307.73,135684663,2021791,329884,2.18
378,23,Digital Display,2,2025,3511803.79,634480032,36098671,2166429,2.7
379,23,Digital Display,9,2025,1586734.79,316939712,12037269,1569395,2.93
380,23,Podcast,12,2025,2877616.56,481329667,18596178,935072,3.93
381,23,Podcast,9,2025,3051387.83,502989495,37445773,6251624,3.72
382,23,Podcast,6,2025,3393520.92,357782104,4003262,608083,1.95
383,23,Podcast,5,2025,2329844.67,296002238,5461121,950624,2.16
384,24,Digital Display,2,2024,341207.83,64997502,2143198,147101,2.12
385,24,Digital Display,5,2024,356749.82,71057861,3752451,193195,1.95
386,24,Digital Display,6,2024,153612.97,16811614,1297924,197381,1.73
387,24,Podcast,10,2024,84767.37,14094729,700803,63649,3.44
388,24,Podcast,12,2024,191097.68,15296501,380404,21097,3.26
389,24,Social Media,11,2024,513235.43,98745720,4179062,717455,3.07
390,24,Social Media,8,2024,93365.71,10380237,143757,15219,3.88
391,24,Social Media,2,2024,444775.94,62476191,1365743,77165,2.28
392,24,Email,11,2024,377696.62,67481278,3572074,585793,3.45
393,24,Email,10,2024,212351.08,20780715,921126,128061,3.37
394,24,Email,5,2024,178395.69,20893421,1150397,75515,2.44
395,24,Influencer,3,2024,114385.69,19013880,238673,42149,2.2
396,24,Influencer,4,2024,449857.37,84116663,4589070,762887,2.01
397,24,Influencer,11,2024,298439.02,30072537,1023844,66614,3.07
398,24,Influencer,12,2024,210992.32,27276459,812779,139837,2.59
399,24,Cinema,8,2024,191119.25,23068688,1795639,349058,3.83
400,24,Cinema,9,2024,527956.63,82834624,4505648,422982,2.41
401,24,Cinema,11,2024,457047.02,69453382,2147755,276691,2.47
402,24,Cinema,3,2024,167663.5,19141124,323727,61101,2.97
403,24,TV Ads,1,2024,112181.55,21920015,1350257,267970,2.6
404,24,TV Ads,2,2024,197560.22,25183394,1885401,108906,2.15
405,24,TV Ads,8,2024,267352.6,31107475,492543,80982,2.78
406,24,TV Ads,10,2024,123887.72,13660995,273634,42843,1.75
407,25,TV Ads,4,2023,1622948.46,241430497,15725733,2227990,1.83
408,25,TV Ads,5,2023,1986200.01,367040684,15007731,1970158,2.55
409,25,TV Ads,10,2023,1566984.87,303701760,24278694,3433977,3.91
410,25,TV Ads,8,2023,1428071.0,230510846,5117099,708011,3.25
411,25,Digital Display,8,2023,2194456.24,438534962,30274085,5137081,3.86
412,25,Digital Display,7,2023,712498.75,102422390,2715052,335715,3.61
413,25,Social Media,3,2023,1087366.77,97937279,3695713,368777,3.19
414,25,Social Media,7,2023,403397.27,52191747,1754999,150170,3.96
415,25,Social Media,5,2023,1976370.22,365842209,23032948,1196866,3.21
416,25,Cinema,7,2023,316715.72,42967971,1788884,151537,3.91
417,25,Cinema,2,2023,1169785.55,98370295,1887247,374261,2.81
418,25,Cinema,11,2023,852794.29,110168025,3281614,238733,3.22
419,25,Cinema,5,2023,943777.17,148173474,4182947,482331,1.92
420,25,Email,10,2023,1706760.18,201918038,5263307,322345,2.87
421,25,Email,4,2023,765375.53,101921762,4168824,577374,2.0
422,25,Email,9,2023,1205490.54,113732746,4782306,420329,3.67
423,25,Email,11,2023,323214.19,33318192,748272,128823,2.43
424,25,Influencer,7,2023,1681162.97,288963007,5416326,582940,1.71
425,25,Influencer,8,2023,1906685.5,253224546,4157506,290690,2.65
426,25,Influencer,4,2023,936952.43,79085781,4222762,791250,3.21
427,25,Influencer,2,2023,1046514.8,192996197,1997807,276658,2.16
428,26,Social Media,11,2025,1435593.59,147398532,8026916,774496,2.0
429,26,Social Media,6,2025,371480.68,45855738,2328438,150159,2.53
430,26,Social Media,4,2025,1389648.82,190701373,15060721,2028549,1.91
431,26,Cinema,7,2025,923894.22,182410374,10170618,1029704,3.6
432,26,Cinema,11,2025,1592491.87,243368998,19198347,1131248,3.74
433,26,TV Ads,7,2025,636184.08,56577325,3778475,549670,3.89
434,26,TV Ads,11,2025,1190688.87,110095894,1622993,246846,3.41
435,26,TV Ads,9,2025,1505965.15,179705376,8574543,1456371,2.34
436,26,TV Ads,3,2025,514747.5,94407148,1719140,127239,3.29
437,26,Influencer,3,2025,1149883.93,127777786,4056477,706786,1.8
438,26,Influencer,9,2025,1266010.88,241245526,7180907,626541,2.11
439,26,Influencer,11,2025,467306.72,70433472,2471688,424370,2.37
440,26,Influencer,12,2025,446524.75,73022640,2222781,182909,3.1
441,27,Social Media,12,2023,356007.01,58080140,3008070,272203,2.19
442,27,Social Media,1,2023,434660.26,70654521,1115189,160814,1.56
443,27,Social Media,9,2023,189593.6,32581601,813677,112066,1.36
444,27,Email,1,2023,253265.48,29905543,2370332,221148,0.99
445,27,Email,8,2023,277870.36,51872834,2669872,162086,1.16
446,27,Email,4,2023,398935.99,74498643,2318029,149115,1.14
447,27,Email,9,2023,226381.11,23418310,1035296,170220,0.78
448,27,Influencer,2,2023,181229.64,33430627,346648,27160,0.58
449,27,Influencer,6,2023,274909.15,54915495,1221146,179289,1.85
450,27,Influencer,12,2023,350915.25,43946811,897267,167282,1.02
451,27,Cinema,2,2023,249241.65,37694003,1545400,295716,2.63
452,27,Cinema,9,2023,168744.68,24242578,1093885,60763,2.6
453,27,Cinema,12,2023,416076.1,65288215,4884561,581858,1.3
454,27,Podcast,1,2023,479305.39,78160817,2493346,453634,0.74
455,27,Podcast,4,2023,181527.48,26918944,1824564,306777,2.23
456,28,Cinema,11,2024,928003.5,175569038,13419944,950922,3.69
457,28,Cinema,6,2024,1127818.85,192147865,6908331,452681,2.97
458,28,Digital Display,12,2024,767280.84,93014820,1251141,138970,2.56
459,28,Digital Display,10,2024,1042318.56,188818152,6407835,1120629,3.33
460,28,Influencer,1,2024,970759.6,112759111,3892181,714641,3.74
461,28,Influencer,9,2024,1069058.45,135860701,5186065,720345,3.56
462,28,TV Ads,12,2024,711204.22,58292356,2545176,356374,3.37
463,28,TV Ads,5,2024,353753.91,40892526,3078939,275862,3.09
464,28,TV Ads,11,2024,771464.89,102713596,7428541,1005535,2.57
465,28,Email,8,2024,797107.83,71652443,2813508,427278,2.77
466,28,Email,7,2024,998260.31,88602315,1667639,238597,1.82
467,29,TV Ads,11,2025,1174855.13,138242373,5885369,1073809,3.75
468,29,TV Ads,6,2025,2204906.31,312143940,23135554,3522125,1.85
469,29,TV Ads,4,2025,3034158.89,544242974,14730042,1036920,2.39
470,29,TV Ads,1,2025,2415913.38,477444806,15424351,2991763,3.84
471,29,Digital Display,2,2025,2927848.67,325525762,14927276,2203037,1.93
472,29,Digital Display,12,2025,799309.11,135416440,7273604,765232,3.8
473,29,Digital Display,3,2025,469123.75,61602438,2399524,240011,3.02
474,29,Podcast,12,2025,2013578.68,346569400,13203579,2595195,2.18
475,29,Podcast,4,2025,2166559.36,211796932,8179993,465492,3.48
476,29,Podcast,3,2025,1642752.3,209000257,13898467,1991194,3.95
477,29,Podcast,2,2025,1556703.91,224880451,5731480,771158,3.69
478,29,Social Media,1,2025,2211671.66,321523264,19324998,1060589,3.89
479,29,Social Media,3,2025,2050507.62,221234486,8710647,1277724,1.74
480,29,Influencer,11,2025,1889601.25,254739834,18643836,2487122,2.43
481,29,Influencer,4,2025,1159021.71,112304860,1271165,239528,2.57
482,29,Influencer,2,2025,753144.16,65046729,2919678,511813,3.94
483,29,Influencer,1,2025,535215.3,65522475,2521025,213889,3.61
484,29,Cinema,2,2025,2166150.54,432529100,5933182,837767,2.04
485,29,Cinema,11,2025,1636663.11,164707743,7416928,785399,3.48
486,29,Email,10,2025,1956631.42,216273429,15126518,1941338,2.08
487,29,Email,8,2025,2701059.7,385931102,6189800,868022,1.99
488,29,Email,5,2025,812406.69,141205486,9611172,1024692,2.8
489,30,Cinema,9,2023,1279835.39,149594971,10060725,1934778,3.31
490,30,Cinema,3,2023,1517653.56,205371422,12531251,1383261,3.82
491,30,Podcast,3,2023,841660.28,136214871,2904958,495676,2.91
492,30,Podcast,9,2023,1370971.14,223379859,13078809,892813,3.09
493,30,Podcast,11,2023,573913.13,54431892,1929628,116559,2.7
494,30,Influencer,10,2023,1304983.83,230718224,18341963,1294151,2.82
495,30,Influencer,7,2023,1242735.1,151320866,10564970,1964100,2.31
496,30,Influencer,8,2023,1403191.54,214398808,9731440,581711,2.16
497,30,Email,10,2023,1476879.96,158702466,2728901,372414,3.64
498,30,Email,12,2023,330899.98,52154772,1846908,282531,1.81
499,30,TV Ads,9,2023,913366.47,162148416,9210826,1236663,2.68
500,30,TV Ads,7,2023,334792.9,30950481,926195,96836,1.89
501,30,TV Ads,6,2023,1331509.84,174614779,7445483,738749,2.65
502,30,TV Ads,5,2023,1078672.5,200441769,3424360,625637,2.74
503,31,Cinema,8,2025,96601.42,16936891,945503,157996,3.8
504,31,Cinema,6,2025,143579.42,27451017,773970,115877,2.54
505,31,Cinema,9,2025,397672.66,78969228,2431939,436474,2.94
506,31,Cinema,7,2025,192827.5,16722473,1032463,118077,2.15
507,31,Podcast,11,2025,173265.34,29582461,777490,71123,2.62
508,31,Podcast,10,2025,179134.75,23540235,1134028,220454,3.09
509,31,Podcast,9,2025,367346.49,42259965,514253,74215,2.97
510,31,TV Ads,12,2025,82507.25,16302917,704818,82017,2.78
511,31,TV Ads,4,2025,143140.84,22763337,1535162,253042,1.9
512,31,TV Ads,9,2025,80496.16,11330802,835741,120957,2.69
513,31,TV Ads,5,2025,71672.0,9074821,196921,30867,1.89
514,31,Digital Display,8,2025,247426.68,42771073,1454477,181247,2.39
515,31,Digital Display,7,2025,120012.95,14556988,805198,104644,3.73
516,31,Digital Display,5,2025,423499.75,37064230,2067266,233090,1.71
517,31,Digital Display,11,2025,208769.25,18259994,333292,47411,1.72
518,31,Email,9,2025,394920.89,67134721,3521984,483809,3.53
519,31,Email,12,2025,117845.33,11544155,445796,64946,2.65
520,31,Email,8,2025,326054.38,39746360,1256301,69552,3.14
521,31,Social Media,12,2025,282861.61,32593126,662037,67975,3.07
522,31,Social Media,8,2025,103424.54,10340666,797437,114613,3.63
523,32,Social Media,6,2024,603203.17,74699167,5602900,1056421,2.87
524,32,Social Media,10,2024,1683165.68,175491944,11902302,666580,3.5
525,32,Email,8,2024,383228.74,50059081,3600898,262219,2.36
526,32,Email,5,2024,787002.57,116199636,3650008,541209,3.59
527,32,Email,11,2024,1292259.83,242486951,10569858,654163,3.17
528,32,Podcast,10,2024,1069585.12,126891167,6182383,467430,3.64
529,32,Podcast,4,2024,911165.5,165425463,2395507,395598,3.24
530,32,Podcast,7,2024,1821166.47,217462595,2624072,165064,2.38
531,32,Podcast,2,2024,1709433.79,139600817,4151387,217745,1.92
532,32,Digital Display,11,2024,1009180.0,151685507,2479077,360736,2.91
533,32,Digital Display,4,2024,947005.2,84590075,1554495,280885,2.89
534,32,Influencer,6,2024,391948.33,32702604,1304834,194547,3.13
535,32,Influencer,12,2024,1439630.9,179102644,8978427,1722835,2.5
536,32,Influencer,8,2024,659379.3,112244286,7971549,681967,1.73
537,32,Influencer,1,2024,745018.04,62174733,3703114,383734,3.61
538,33,Podcast,10,2024,2229029.93,353410445,16359013,2824426,3.18
539,33,Podcast,12,2024,2796398.06,511429366,25847389,5117877,3.28
540,33,Podcast,6,2024,1692505.34,336475384,15251285,2154350,3.3
541,33,Podcast,9,2024,3394984.94,327299231,22109060,1481737,2.95
542,33,Cinema,4,2024,1150475.48,204832937,16160401,3207240,2.11
543,33,Cinema,12,2024,1581099.76,239827834,14782769,1377336,2.2
544,33,Cinema,9,2024,1301439.85,196763711,10874496,563583,2.48
545,33,Cinema,6,2024,1374137.23,169524513,8024428,1438852,2.06
546,33,Digital Display,12,2024,1751567.6,302973586,23782289,3209330,3.78
547,33,Digital Display,5,2024,1868657.9,341654542,24982861,4950732,2.03
548,33,Digital Display,1,2024,1903911.51,186558535,3942508,405728,3.98
549,33,Digital Display,2,2024,3191343.54,399444169,28561181,3423488,2.98
550,33,Influencer,1,2024,787699.06,84854445,2670866,366869,2.06
551,33,Influencer,6,2024,2895996.94,307801850,24143877,3020158,3.41
552,33,Social Media,5,2024,1925355.1,193252993,7135563,622297,2.56
553,33,Social Media,6,2024,1987240.78,337643386,15255986,2808727,3.53
554,33,Email,2,2024,1873960.07,268673511,11321620,2086503,3.73
555,33,Email,12,2024,3218666.68,460633267,16440680,2530220,2.39
556,33,Email,5,2024,711794.55,85416017,2607981,449507,3.93
557,33,Email,6,2024,2628594.1,446145149,29746488,1570256,1.79
558,34,Social Media,11,2025,359927.69,33025337,1798760,232921,2.21
559,34,Social Media,8,2025,325062.03,37936323,2611451,323427,3.49
560,34,Cinema,4,2025,800063.7,122347374,3816676,559509,2.55
561,34,Cinema,7,2025,386274.56,56134948,3729136,226018,3.43
562,34,Cinema,1,2025,594374.53,80757369,6260383,470307,3.67
563,34,Cinema,10,2025,133913.84,19641647,356868,45363,2.84
564,34,TV Ads,2,2025,629358.35,102106317,2774499,139578,3.1
565,34,TV Ads,8,2025,435211.13,62959057,2856799,471392,3.5
566,34,Digital Display,8,2025,176996.34,18268888,1370925,95266,2.64
567,34,Digital Display,10,2025,245307.61,48467686,2363044,282483,2.07
568,34,Digital Display,5,2025,461480.43,48929300,3357172,509636,2.58
569,34,Digital Display,4,2025,272800.27,47857742,905596,176700,3.41
570,34,Email,12,2025,215375.7,43047608,3339430,332623,2.07
571,34,Email,4,2025,152628.53,22894996,237240,13322,3.15
572,34,Email,5,2025,657291.54,127642383,3824173,223816,3.67
573,35,Cinema,3,2025,125414.64,15624272,557089,49200,1.7
574,35,Cinema,6,2025,408731.32,39366267,2352688,446889,1.67
575,35,Cinema,12,2025,104039.62,10105851,711563,81397,2.0
576,35,Cinema,7,2025,213560.48,31912130,2071071,168284,2.64
577,35,TV Ads,11,2025,668253.17,107799873,3263186,209592,2.48
578,35,TV Ads,9,2025,180516.68,24560297,1364979,203264,2.72
579,35,TV Ads,8,2025,583484.7,103592096,4074002,208282,1.53
580,35,TV Ads,5,2025,500399.88,57484817,3184624,219881,0.51
581,35,Digital Display,1,2025,146242.43,28165122,1012349,137581,0.86
582,35,Digital Display,8,2025,224634.83,24622684,547739,78373,1.65
583,35,Digital Display,11,2025,154568.2,21789303,873511,132458,2.51
584,35,Social Media,5,2025,677984.29,125644704,7015428,747622,0.82
585,35,Social Media,3,2025,547930.01,61627793,2828860,394335,2.59
586,35,Social Media,4,2025,320269.18,52736351,1655017,260483,1.29
587,35,Influencer,8,2025,423442.99,45672589,865727,79233,0.82
588,35,Influencer,6,2025,274748.1,22270579,1057865,170634,2.8
589,35,Influencer,2,2025,132208.33,15436569,771481,69274,2.09
590,35,Email,12,2025,336737.44,65599147,2359311,208521,0.89
591,35,Email,1,2025,263676.91,25926479,532743,66680,0.55
592,35,Email,5,2025,220780.48,21718105,221529,30004,1.99
593,35,Podcast,12,2025,569464.0,76723009,3044910,528489,1.96
594,35,Podcast,5,2025,352535.0,62906549,4716852,772579,0.87
595,35,Podcast,9,2025,144382.9,21090875,881518,158383,0.7
596,35,Podcast,1,2025,492179.65,74759359,5123684,1003889,2.78
597,36,Cinema,11,2024,3773279.86,600224013,9221853,1611913,3.03
598,36,Cinema,6,2024,2302482.53,410577954,30193971,4313717,1.95
599,36,Cinema,4,2024,1948278.51,174679483,8111075,1083127,2.08
600,36,Cinema,12,2024,1257744.65,207408668,7261663,494571,2.49
601,36,Influencer,11,2024,1289867.0,142252964,5634740,481250,2.86
602,36,Influencer,10,2024,2273353.54,183646371,8816378,446011,1.91
603,36,Email,8,2024,1906650.37,161917303,10170322,644430,2.7
604,36,Email,3,2024,3518273.89,456864089,34644467,2358295,3.4
605,36,Email,12,2024,691558.92,116194012,8624397,777323,2.55
606,36,Email,5,2024,1992297.52,304598124,21834607,3912601,3.28
607,36,Podcast,9,2024,3403719.49,374425671,6470829,601191,2.63
608,36,Podcast,2,2024,2412082.51,308248040,14910875,1710043,3.61
609,36,Digital Display,2,2024,1539185.23,292939307,21984566,3263032,1.94
610,36,Digital Display,1,2024,2681277.31,452317986,13185708,1991512,1.93
611,36,Digital Display,12,2024,3026808.94,267498792,12118029,1415259,2.45
612,36,Digital Display,5,2024,3492637.48,359467860,19614667,3140470,3.34
613,37,Email,10,2023,967690.32,132836295,2783947,186607,2.58
614,37,Email,12,2023,408051.59,76359513,1185498,128421,2.11
615,37,Email,8,2023,667768.24,69117484,1926882,174216,3.11
616,37,Email,2,2023,582097.52,83875617,5225946,285624,3.63
617,37,TV Ads,8,2023,438147.79,53341370,3580843,236380,3.36
618,37,TV Ads,3,2023,700475.09,125572682,3022498,376088,2.43
619,37,Digital Display,5,2023,1010419.96,172233169,2276955,452087,2.84
620,37,Digital Display,9,2023,843787.79,91697837,6524920,1026499,2.51
621,37,Influencer,8,2023,475254.44,46006075,2065895,162031,3.76
622,37,Influencer,7,2023,905811.11,106215912,2521955,248866,2.79
623,37,Influencer,2,2023,659944.36,106962963,1960728,148651,3.58
624,37,Influencer,1,2023,145360.79,16805488,620821,97578,2.2
625,38,Influencer,2,2025,4042805.75,600485865,9402491,895114,2.51
626,38,Influencer,11,2025,3673271.88,393671419,23519092,1611594,2.3
627,38,Influencer,7,2025,2399189.02,376978740,23013253,4547588,3.45
628,38,Influencer,10,2025,3549957.54,492115906,9338805,1419548,2.86
629,38,Email,6,2025,1921504.56,222848015,16121669,2116919,3.55
630,38,Email,10,2025,3993424.38,539326879,12358244,1096418,2.7
631,38,Cinema,4,2025,1503007.16,214719193,6959992,366819,2.91
632,38,Cinema,10,2025,3709287.88,301830844,3438011,425737,3.67
633,38,Cinema,5,2025,3124603.7,620111771,48709319,4393937,2.87
634,38,Cinema,3,2025,993363.64,105097662,7144031,1035209,1.82
635,38,Digital Display,10,2025,1374925.53,163129960,8005399,1122042,2.11
636,38,Digital Display,3,2025,1689610.33,140179145,2797403,538937,3.26
637,38,Digital Display,8,2025,1105007.07,160205217,5555596,1031484,1.87
638,38,Digital Display,4,2025,1847774.78,256735532,15567807,3005121,2.46
639,38,TV Ads,4,2025,2505910.93,315505018,16285183,1353159,1.97
640,38,TV Ads,10,2025,3671036.91,678844566,18182786,2881589,2.93
641,38,TV Ads,8,2025,1112446.7,167082002,9330720,1821781,2.65
642,39,Influencer,9,2024,129059.28,13331485,720320,76958,1.08
643,39,Influencer,4,2024,308872.73,46744363,2261815,432373,1.62
644,39,Influencer,1,2024,298656.61,29222284,1967495,232187,2.58
645,39,Digital Display,12,2024,758805.77,141451627,7900800,1190272,0.54
646,39,Digital Display,4,2024,593473.33,112036009,1800201,280745,1.05
647,39,Digital Display,11,2024,518670.99,51112096,4088378,532132,0.98
648,39,Digital Display,2,2024,367954.31,33840557,2043625,317602,0.83
649,39,Email,10,2024,249938.88,22603358,327538,17138,1.66
650,39,Email,5,2024,180640.36,33312209,1547231,103308,0.72
651,39,Email,8,2024,220741.06,29024028,640851,84846,2.37
652,39,Social Media,8,2024,163582.54,23758456,1704416,338373,1.44
653,39,Social Media,11,2024,166847.18,21670573,458683,52715,1.05
654,39,Social Media,1,2024,563187.61,56246209,3852437,712453,1.47
655,40,Cinema,4,2025,1050823.91,106499556,1218579,73387,2.75
656,40,Cinema,10,2025,772841.66,139466085,6716585,546382,3.05
657,40,Cinema,11,2025,1503946.96,238839067,8153828,1389770,2.82
658,40,Cinema,7,2025,1628344.23,196487998,11358715,865947,3.3
659,40,TV Ads,12,2025,1158888.03,186628573,11986105,638998,3.06
660,40,TV Ads,5,2025,739102.72,118793347,8242557,757883,2.87
661,40,Podcast,3,2025,2041395.59,320278355,8054592,909231,2.04
662,40,Podcast,5,2025,1122518.41,206098387,2970902,436132,1.74
663,40,Podcast,2,2025,752495.17,103884262,6368195,1026839,2.02
664,40,Podcast,9,2025,574874.27,106618099,1436860,194772,2.55
665,40,Email,1,2025,916590.85,173219009,7355425,680514,2.94
666,40,Email,10,2025,1709676.28,240303946,4632149,245059,2.64
667,40,Email,12,2025,1981553.93,272805241,10559595,963060,3.14
668,40,Email,2,2025,1345500.33,117940013,4253495,371445,3.05
669,41,Podcast,12,2024,1802186.12,222638646,9443400,1169116,3.92
670,41,Podcast,7,2024,1572534.7,155891749,8879214,722522,3.27
671,41,Podcast,6,2024,937742.35,122133020,4967630,640146,3.52
672,41,Social Media,11,2024,1647852.9,133366000,3577391,189129,2.58
673,41,Social Media,7,2024,1610690.57,137933526,11001262,718797,3.29
674,41,Social Media,6,2024,1034313.06,202098761,6962801,1000234,2.6
675,41,TV Ads,1,2024,1694657.81,209135319,12254804,1243322,3.1
676,41,TV Ads,8,2024,1619452.76,168823115,12523091,1934280,3.17
677,41,Cinema,3,2024,1279238.31,250164946,13149884,2606309,3.16
678,41,Cinema,12,2024,1460808.41,274725739,7278993,1421585,2.2
679,41,Email,10,2024,1603426.53,141623587,3842129,319129,1.79
680,41,Email,12,2024,455902.17,48706166,3263993,513367,3.23
681,42,Podcast,2,2023,1261092.27,159088569,8110474,1099113,2.16
682,42,Podcast,9,2023,1803439.34,156130415,10878108,1099748,2.82
683,42,Podcast,8,2023,1865184.62,208294465,16243598,2787200,2.0
684,42,Podcast,12,2023,2455343.31,388054304,27724838,5228841,2.88
685,42,Social Media,3,2023,594599.33,80270076,4566752,359952,3.64
686,42,Social Media,11,2023,2328613.79,298005912,9351402,1831528,3.6
687,42,Social Media,8,2023,2022775.32,189111788,12844407,1437674,3.84
688,42,Email,4,2023,1041158.2,198455624,15072492,2749503,2.88
689,42,Email,7,2023,2540681.47,413522136,32119795,1892975,2.06
690,42,Email,2,2023,570096.94,81721500,6132936,819905,3.69
691,42,Email,8,2023,1222527.07,122330607,4013305,351076,2.3
692,42,Cinema,2,2023,715658.78,60116531,1543022,108312,2.65
693,42,Cinema,1,2023,1763203.1,262404665,5188718,974765,3.71
694,42,Digital Display,4,2023,2433174.25,466592069,12658769,914943,2.15
695,42,Digital Display,8,2023,2537433.83,405479603,5532892,974430,2.05
696,42,Digital Display,1,2023,788540.98,114445953,3730482,253632,2.32
697,42,Digital Display,11,2023,417858.61,75515992,1444841,92578,3.91
698,42,TV Ads,9,2023,1237271.87,217774971,11202958,1420597,3.4
699,42,TV Ads,7,2023,895210.7,145826615,7676198,1116265,3.92
700,42,TV Ads,1,2023,1671587.62,307123598,6831160,752521,3.33
701,42,TV Ads,10,2023,1647725.0,295416653,19925494,3678768,1.81
702,42,Influencer,3,2023,1966958.77,392619290,7565460,1003630,3.59
703,42,Influencer,1,2023,1731908.62,172058705,10567486,1053687,3.03
704,42,Influencer,12,2023,755548.47,142129376,4302340,360740,2.31
705,42,Influencer,7,2023,495873.66,50762815,2435087,396945,1.78
706,43,Email,6,2024,118539.96,23536757,1089578,178826,2.92
707,43,Email,10,2024,491117.89,96542481,5078997,551364,3.86
708,43,Email,4,2024,506954.68,91705159,2870391,337804,2.31
709,43,Digital Display,12,2024,163857.29,30458769,802069,85959,3.8
710,43,Digital Display,6,2024,254662.55,45916901,1044750,57271,3.22
711,43,Digital Display,5,2024,453179.89,66277345,3433960,409243,3.28
712,43,Digital Display,2,2024,152528.13,25095494,710909,67445,2.03
713,43,TV Ads,5,2024,418791.94,47586719,2661210,156754,2.08
714,43,TV Ads,6,2024,375592.45,39140474,2167924,274413,3.88
715,43,Influencer,8,2024,119810.05,19549526,1249569,193967,2.23
716,43,Influencer,7,2024,424931.58,75465600,2541270,400560,1.76
717,43,Influencer,2,2024,512553.0,51533331,1011550,157787,3.72
718,43,Influencer,4,2024,460697.91,79423830,3902435,521161,2.66
719,43,Podcast,2,2024,400783.71,73914325,5106094,629870,3.34
720,43,Podcast,3,2024,284731.0,44401594,2839378,563394,2.89
721,43,Podcast,8,2024,148456.1,28029601,386858,58235,2.2
722,43,Social Media,2,2024,92786.78,7968211,396137,30113,2.99
723,43,Social Media,12,2024,141572.19,24456291,1821074,144948,3.91
724,44,Influencer,10,2024,1124323.67,97398259,1509322,258508,2.61
725,44,Influencer,3,2024,2307295.18,424158597,21896357,4124439,3.76
726,44,Influencer,7,2024,1341785.62,143099186,6262355,849001,3.89
727,44,Influencer,6,2024,609298.27,97211844,2053590,393640,3.82
728,44,Social Media,1,2024,2857653.91,471633932,12203632,724839,2.56
729,44,Social Media,6,2024,1766526.57,243515124,7754126,1307023,2.63
730,44,Social Media,9,2024,851619.95,154393342,12325350,2323453,2.6
731,44,Social Media,4,2024,527463.73,72917168,3786752,479405,2.05
732,44,Digital Display,10,2024,413189.86,70038480,1797682,355650,3.89
733,44,Digital Display,1,2024,2903344.35,383435126,5460445,634572,1.76
734,44,Podcast,8,2024,1042924.48,114005229,2421278,160758,3.91
735,44,Podcast,11,2024,2790040.93,295314752,10154436,1274657,3.57
736,44,Podcast,1,2024,1348842.95,243973915,5938174,986804,2.85
737,44,TV Ads,6,2024,2888163.07,493953050,38649057,2645590,2.24
738,44,TV Ads,2,2024,2529223.05,491751004,28500992,4156578,1.96
739,44,Email,11,2024,1534200.96,283144516,14072425,2557206,1.72
740,44,Email,5,2024,962028.59,143922308,8017499,1165134,3.01
741,44,Cinema,6,2024,767440.73,127334599,4721942,450136,3.62
742,44,Cinema,11,2024,1744776.19,161006358,3046077,406015,2.59
743,44,Cinema,12,2024,2497355.17,259359404,9745155,867876,3.16
744,44,Cinema,8,2024,2116700.5,315449973,13381342,2620554,3.14
745,45,Influencer,12,2025,604026.65,94121079,2498644,177453,2.97
746,45,Influencer,1,2025,862057.82,69982612,4437789,721906,3.48
747,45,Influencer,6,2025,1645222.31,278405190,20557586,2351613,3.63
748,45,Influencer,10,2025,349289.22,29742623,2230430,370951,2.38
749,45,TV Ads,7,2025,1634959.78,248760832,17081358,3340864,2.99
750,45,TV Ads,1,2025,1215963.8,120221788,4682703,894229,2.2
751,45,TV Ads,8,2025,501066.21,83029166,4565617,606695,3.09
752,45,Podcast,6,2025,962300.59,112416691,6286020,966283,2.52
753,45,Podcast,3,2025,731173.05,122008982,8749829,476000,2.27
754,45,Podcast,12,2025,376180.88,44871833,2346220,235253,2.2
755,45,Podcast,9,2025,1648552.62,170371682,4233185,749516,1.85
756,45,Digital Display,9,2025,321637.81,36054120,2303760,442325,3.09
757,45,Digital Display,6,2025,482556.04,91966020,3562950,220131,3.05
758,45,Digital Display,8,2025,867999.76,141063382,3841428,364094,2.74
759,45,Digital Display,11,2025,838383.87,104037422,2397061,450724,3.21
760,45,Cinema,7,2025,1637480.57,307403449,5286624,600343,2.94
761,45,Cinema,1,2025,1408658.63,194607268,11030265,2051328,2.52
762,45,Cinema,2,2025,1149817.92,167280195,12579762,851150,3.93
763,45,Cinema,5,2025,1327165.14,257489751,19858411,1116624,2.92
764,45,Email,2,2025,1475719.28,251084876,11963588,630108,3.63
765,45,Email,12,2025,231927.66,37664130,1290762,157169,1.84
766,45,Email,1,2025,679305.69,98133748,7595651,448934,3.14
767,46,TV Ads,3,2023,107044.27,13942924,515600,59118,2.68
768,46,TV Ads,8,2023,302899.48,29754450,1761583,212866,1.7
769,46,TV Ads,2,2023,109229.42,13343564,388340,71483,1.27
770,46,TV Ads,1,2023,583985.39,98539309,3705159,538110,1.28
771,46,Social Media,11,2023,500894.06,59928900,3758289,338014,1.59
772,46,Social Media,10,2023,239646.9,20864290,253387,26975,1.97
773,46,Social Media,12,2023,251763.18,47059274,2711664,503535,1.09
774,46,Podcast,2,2023,161174.06,13183052,155911,13597,0.57
775,46,Podcast,7,2023,429008.21,74271251,1629129,319528,1.71
776,46,Digital Display,4,2023,76747.25,13789657,503485,65558,2.22
777,46,Digital Display,6,2023,435068.54,63411087,4119671,348267,0.7
778,47,TV Ads,5,2024,821791.26,124447022,1826474,300831,2.58
779,47,TV Ads,2,2024,3263527.53,506084686,22762075,4464264,2.41
780,47,TV Ads,3,2024,3374795.93,437111975,4488557,326147,1.72
781,47,Podcast,4,2024,973576.95,179850517,6008973,423423,3.1
782,47,Podcast,11,2024,2714779.02,382312392,24565795,3801277,1.93
783,47,Podcast,10,2024,918444.24,77127691,3958742,716828,3.77
784,47,Podcast,1,2024,736071.67,119321685,6829172,1258211,3.32
785,47,Influencer,7,2024,2711082.89,320682998,14205148,2808428,2.11
786,47,Influencer,1,2024,1003111.7,95043273,1638505,143262,2.13
787,47,Email,12,2024,465854.31,48179127,1255141,133714,2.87
788,47,Email,6,2024,2956108.27,588391865,29478442,2710271,1.83
789,47,Email,11,2024,549039.05,96241599,3469550,591458,3.28
790,47,Email,5,2024,1100782.35,184159084,11179810,1579047,2.27
791,47,Cinema,8,2024,3053335.14,609617251,22502149,1396015,2.31
792,47,Cinema,6,2024,2251702.39,242570301,18865186,3336369,2.32
793,47,Cinema,11,2024,3103913.06,506963393,21915564,2108093,2.82
794,47,Cinema,7,2024,2799594.77,227821559,3566924,617024,3.09
795,47,Digital Display,5,2024,2293055.83,213951977,8508124,575174,3.38
796,47,Digital Display,2,2024,714794.99,102475912,2080668,391175,3.54
797,47,Digital Display,12,2024,2526539.44,494272667,18602839,1413832,2.26
798,47,Social Media,11,2024,2856842.16,371953303,13286945,2336493,2.78
799,47,Social Media,7,2024,919466.07,117265009,6656944,337184,2.53
800,48,Cinema,1,2025,699508.23,81962097,4232669,348348,3.8
801,48,Cinema,4,2025,297482.48,45030739,3535298,620227,3.28
802,48,Influencer,10,2025,642007.86,101122313,4567142,909254,2.78
803,48,Influencer,8,2025,450801.44,74511622,5103341,255444,3.43
804,48,Digital Display,3,2025,161846.41,29996251,406927,70707,2.09
805,48,Digital Display,12,2025,629886.11,73243340,865964,65819,1.75
806,48,Digital Display,7,2025,240671.52,31440714,1056827,129937,3.65
807,48,Digital Display,6,2025,653996.73,96255015,3349645,271711,3.96
808,48,TV Ads,9,2025,640401.26,56930107,4520754,768620,3.58
809,48,TV Ads,1,2025,315957.72,46634476,2083458,327780,3.68
810,48,TV Ads,12,2025,637281.64,60166266,1344522,120172,3.29
811,49,Email,8,2025,1296248.13,191584895,4012601,718171,3.31
812,49,Email,7,2025,1770853.34,242630449,13249166,699385,3.28
813,49,Email,10,2025,1040730.33,191397306,12813174,2435770,3.25
814,49,Social Media,12,2025,1990492.02,170161727,4893824,407841,3.63
815,49,Social Media,10,2025,3161631.13,484404984,15027303,878111,2.27
816,49,Social Media,6,2025,4100545.51,645474183,34460473,4932600,1.82
817,49,Social Media,1,2025,4599987.76,852663433,45789770,8694592,1.84
818,49,Influencer,4,2025,4390313.49,465783714,37208651,6198405,3.49
819,49,Influencer,10,2025,604427.95,109440967,2627793,214325,1.91
820,49,Podcast,12,2025,3262792.88,466024784,15194638,909964,2.29
821,49,Podcast,9,2025,2118947.69,231417826,8673937,1684253,3.34
822,49,Podcast,4,2025,1506505.95,132632043,6406507,368322,3.04
823,49,TV Ads,12,2025,3102655.35,534051402,24745624,4829268,3.14
824,49,TV Ads,1,2025,1073966.19,168738484,2443749,301620,2.17
825,49,TV Ads,8,2025,4191927.66,599747048,7347105,1120536,1.9
826,49,TV Ads,4,2025,3615143.1,500392397,15171682,2519879,1.74
