perf_id,city,state,country,movie_id,month,year,views,revenue_usd,avg_engagement_score,avg_watch_time_min
1,New York,NY,USA,46,11,2024,6978,48169.69,7.74,87.2
2,New York,NY,USA,46,4,2024,4931,22547.74,7.15,109.3
3,New York,NY,USA,46,9,2024,7820,70235.55,6.23,68.2
4,New York,NY,USA,46,1,2025,9594,113133.0,8.58,77.9
5,New York,NY,USA,46,6,2025,10805,114266.29,8.71,98.5
6,New York,NY,USA,46,10,2025,3830,33116.99,9.32,84.6
7,New York,NY,USA,46,5,2025,4831,28058.98,8.79,77.4
8,New York,NY,USA,46,7,2025,6411,55884.35,9.43,82.8
9,New York,NY,USA,46,4,2025,13557,122706.65,9.23,96.6
10,New York,NY,USA,26,6,2024,2401,12179.77,6.07,70.4
11,New York,NY,USA,26,5,2024,6401,37939.8,8.3,69.3
12,New York,NY,USA,26,12,2024,3928,26681.37,7.87,92.9
13,New York,NY,USA,26,1,2025,2955,31393.39,8.87,86.7
14,New York,NY,USA,26,4,2025,8087,85804.88,9.36,96.9
15,New York,NY,USA,26,7,2025,4028,21202.86,8.28,65.9
16,New York,NY,USA,26,5,2025,4219,35094.94,9.01,90.4
17,New York,NY,USA,26,12,2025,4827,41151.2,8.71,106.9
18,New York,NY,USA,33,2,2024,3843,21946.05,7.75,100.2
19,New York,NY,USA,33,6,2024,4888,44317.84,6.2,72.1
20,New York,NY,USA,33,3,2024,3761,43381.26,6.04,86.5
21,New York,NY,USA,33,12,2024,1527,18171.64,6.69,80.4
22,New York,NY,USA,33,4,2024,1122,9356.88,6.83,71.8
23,New York,NY,USA,33,8,2025,10917,93355.9,9.33,96.8
24,New York,NY,USA,33,3,2025,5230,46589.32,8.86,107.9
25,New York,NY,USA,33,12,2025,10180,115063.95,8.08,71.0
26,New York,NY,USA,43,7,2024,6688,78988.57,7.89,84.1
27,New York,NY,USA,43,12,2024,2563,23674.0,6.14,83.4
28,New York,NY,USA,43,3,2024,6506,67369.9,6.1,108.4
29,New York,NY,USA,43,4,2024,1965,19736.6,7.46,110.5
30,New York,NY,USA,43,1,2025,6427,31750.07,8.32,84.4
31,New York,NY,USA,43,4,2025,7983,75959.77,8.9,89.6
32,New York,NY,USA,43,5,2025,7911,47020.35,8.89,85.9
33,New York,NY,USA,43,11,2025,9043,45135.45,9.15,95.0
34,New York,NY,USA,43,6,2025,3659,39445.54,8.07,80.4
35,New York,NY,USA,43,8,2025,11199,128694.78,9.38,89.6
36,New York,NY,USA,28,5,2024,2106,12095.17,7.56,99.0
37,New York,NY,USA,28,2,2024,6387,27395.37,6.31,73.8
38,New York,NY,USA,28,6,2024,731,6313.49,8.48,80.2
39,New York,NY,USA,28,12,2024,7287,85069.04,7.44,72.3
40,New York,NY,USA,28,7,2024,942,5716.92,8.24,67.8
41,New York,NY,USA,28,8,2024,3249,24900.34,6.9,67.8
42,New York,NY,USA,28,6,2025,2937,26544.6,9.12,65.9
43,New York,NY,USA,28,3,2025,6384,58937.67,9.47,93.5
44,New York,NY,USA,28,11,2025,6606,53530.05,8.69,109.6
45,New York,NY,USA,28,8,2025,14027,162950.79,8.78,112.1
46,New York,NY,USA,28,2,2025,1035,10751.73,8.64,111.4
47,New York,NY,USA,28,5,2025,12319,101460.91,9.25,114.5
48,New York,NY,USA,36,9,2024,2115,24874.2,8.35,113.5
49,New York,NY,USA,36,11,2024,5075,24603.37,7.86,109.6
50,New York,NY,USA,36,10,2024,1284,11258.31,6.48,95.3
51,New York,NY,USA,36,2,2024,4643,54781.96,7.25,66.2
52,New York,NY,USA,36,8,2024,1970,20289.47,6.53,104.1
53,New York,NY,USA,36,12,2024,7511,31006.29,7.13,76.1
54,New York,NY,USA,36,5,2025,6908,55975.33,8.31,105.9
55,New York,NY,USA,36,6,2025,12025,96583.95,8.36,113.8
56,New York,NY,USA,36,11,2025,7419,72569.22,9.02,67.0
57,New York,NY,USA,36,2,2025,7734,73658.85,8.48,92.3
58,New York,NY,USA,2,2,2024,613,2894.39,7.54,86.8
59,New York,NY,USA,2,12,2024,6110,59834.24,8.19,92.3
60,New York,NY,USA,2,9,2024,5010,46282.4,8.43,114.5
61,New York,NY,USA,2,12,2025,8397,98363.99,8.17,69.9
62,New York,NY,USA,2,2,2025,4402,28043.86,8.83,66.6
63,New York,NY,USA,2,3,2025,12457,83613.65,9.47,96.6
64,New York,NY,USA,19,11,2024,3286,24310.3,7.53,94.2
65,New York,NY,USA,19,4,2024,996,7644.3,8.2,81.4
66,New York,NY,USA,19,12,2024,2167,16095.51,6.04,71.7
67,New York,NY,USA,19,8,2025,13858,67762.86,8.3,89.7
68,New York,NY,USA,19,2,2025,3502,31136.61,8.61,77.7
69,New York,NY,USA,19,9,2025,10083,98141.3,8.22,89.0
70,New York,NY,USA,19,7,2025,5430,42131.12,8.56,83.6
71,New York,NY,USA,19,10,2025,10423,110676.82,8.6,92.5
72,New York,NY,USA,19,5,2025,6741,64056.37,9.21,100.4
73,New York,NY,USA,32,9,2024,4183,29230.7,7.54,91.8
74,New York,NY,USA,32,1,2024,6466,28024.35,8.28,76.2
75,New York,NY,USA,32,5,2024,918,5250.87,6.07,84.2
76,New York,NY,USA,32,2,2024,820,8702.16,6.08,108.4
77,New York,NY,USA,32,1,2025,12366,50110.44,9.21,86.0
78,New York,NY,USA,32,4,2025,10483,93994.66,9.24,89.7
79,New York,NY,USA,32,9,2025,12364,95759.04,8.11,86.6
80,New York,NY,USA,32,5,2025,13197,149850.99,9.41,77.5
81,New York,NY,USA,32,8,2025,2061,19342.65,8.09,100.6
82,New York,NY,USA,41,6,2024,2543,13541.61,6.08,107.1
83,New York,NY,USA,41,10,2024,2331,19467.21,6.06,83.8
84,New York,NY,USA,41,8,2024,2866,13362.42,7.25,103.1
85,New York,NY,USA,41,12,2024,666,5128.3,6.34,73.4
86,New York,NY,USA,41,2,2024,7222,47981.16,8.01,86.9
87,New York,NY,USA,41,3,2025,4473,21913.4,9.36,73.1
88,New York,NY,USA,41,7,2025,8217,55902.07,8.29,82.9
89,New York,NY,USA,41,2,2025,8929,56437.88,8.99,79.9
90,New York,NY,USA,41,6,2025,13732,112577.4,8.23,106.2
91,New York,NY,USA,41,5,2025,13545,90141.7,9.18,84.0
92,New York,NY,USA,41,11,2025,3384,19252.68,8.99,73.5
93,New York,NY,USA,37,7,2024,6584,26439.94,6.85,80.5
94,New York,NY,USA,37,2,2024,7562,87364.74,7.66,105.5
95,New York,NY,USA,37,4,2024,7597,77926.48,8.23,73.8
96,New York,NY,USA,37,9,2025,11161,75889.51,9.24,106.9
97,New York,NY,USA,37,8,2025,7970,82653.27,9.18,90.2
98,New York,NY,USA,37,1,2025,10152,52557.12,8.9,104.7
99,New York,NY,USA,37,12,2025,5398,41796.27,8.14,108.0
100,New York,NY,USA,37,10,2025,13366,111916.63,8.26,95.8
101,New York,NY,USA,37,4,2025,3506,25229.21,8.66,79.2
102,New York,NY,USA,4,11,2024,3237,29599.46,8.31,111.4
103,New York,NY,USA,4,7,2024,994,8130.26,7.96,68.7
104,New York,NY,USA,4,10,2024,6107,66797.7,6.19,66.7
105,New York,NY,USA,4,11,2025,3034,30491.65,9.3,82.8
106,New York,NY,USA,4,1,2025,13989,143932.99,9.17,89.6
107,New York,NY,USA,4,2,2025,3151,24221.16,8.35,80.6
108,New York,NY,USA,4,3,2025,13629,109724.17,9.33,110.0
109,New York,NY,USA,38,11,2024,627,3345.35,7.76,113.9
110,New York,NY,USA,38,7,2024,5108,35697.49,6.26,111.0
111,New York,NY,USA,38,10,2024,4326,36752.63,7.77,69.6
112,New York,NY,USA,38,9,2024,4349,23715.46,7.74,106.3
113,New York,NY,USA,38,2,2025,2851,12792.98,9.29,78.3
114,New York,NY,USA,38,6,2025,12675,113686.34,8.01,94.7
115,New York,NY,USA,38,8,2025,3317,16197.99,8.61,98.7
116,New York,NY,USA,38,1,2025,13138,149293.66,8.44,102.2
117,New York,NY,USA,38,11,2025,6982,73239.22,9.0,70.5
118,Los Angeles,CA,USA,37,11,2024,7131,68200.62,7.89,73.4
119,Los Angeles,CA,USA,37,12,2024,3088,25015.79,8.06,88.3
120,Los Angeles,CA,USA,37,6,2024,5272,36483.58,8.71,82.5
121,Los Angeles,CA,USA,37,8,2024,3488,21774.46,8.98,70.0
122,Los Angeles,CA,USA,37,10,2024,4755,51962.94,8.23,81.2
123,Los Angeles,CA,USA,37,10,2025,1913,18136.02,8.43,74.8
124,Los Angeles,CA,USA,37,12,2025,3852,33797.6,8.1,73.0
125,Los Angeles,CA,USA,37,3,2025,6394,53898.68,8.92,82.6
126,Los Angeles,CA,USA,18,12,2024,2031,13010.38,8.15,102.2
127,Los Angeles,CA,USA,18,10,2024,7152,47819.36,8.86,65.4
128,Los Angeles,CA,USA,18,11,2024,1766,18161.89,7.87,95.4
129,Los Angeles,CA,USA,18,6,2024,5840,30767.58,8.19,110.9
130,Los Angeles,CA,USA,18,8,2024,6104,50717.37,8.19,72.9
131,Los Angeles,CA,USA,18,7,2025,3183,19580.65,8.44,85.9
132,Los Angeles,CA,USA,18,2,2025,935,6029.4,8.35,108.1
133,Los Angeles,CA,USA,18,10,2025,7039,28748.81,7.92,72.6
134,Los Angeles,CA,USA,18,9,2025,2413,24404.79,8.58,65.9
135,Los Angeles,CA,USA,18,3,2025,6916,30485.21,8.49,70.5
136,Los Angeles,CA,USA,18,5,2025,1068,7595.2,7.87,77.1
137,Los Angeles,CA,USA,13,9,2024,4846,27172.29,8.11,114.6
138,Los Angeles,CA,USA,13,5,2024,6522,71442.75,8.27,99.2
139,Los Angeles,CA,USA,13,10,2024,7891,82243.69,8.36,69.3
140,Los Angeles,CA,USA,13,7,2024,1878,8742.08,8.84,65.7
141,Los Angeles,CA,USA,13,12,2024,2077,21113.09,8.55,110.2
142,Los Angeles,CA,USA,13,4,2024,765,5627.33,8.87,67.8
143,Los Angeles,CA,USA,13,7,2025,6434,59807.24,8.63,84.0
144,Los Angeles,CA,USA,13,5,2025,5550,28312.07,7.89,68.3
145,Los Angeles,CA,USA,13,11,2025,1123,8472.12,7.52,95.8
146,Los Angeles,CA,USA,13,10,2025,5718,39338.03,7.57,96.7
147,Los Angeles,CA,USA,19,4,2024,6844,61689.39,8.83,108.3
148,Los Angeles,CA,USA,19,3,2024,1269,10714.41,8.45,70.1
149,Los Angeles,CA,USA,19,7,2024,2607,27753.57,7.53,78.9
150,Los Angeles,CA,USA,19,5,2025,4738,56734.63,7.96,112.5
151,Los Angeles,CA,USA,19,7,2025,6465,58427.26,7.89,107.9
152,Los Angeles,CA,USA,19,4,2025,4475,42832.06,8.36,110.8
153,Los Angeles,CA,USA,19,9,2025,3274,38134.79,8.45,76.0
154,Los Angeles,CA,USA,19,3,2025,4649,53908.49,7.59,112.9
155,Los Angeles,CA,USA,19,2,2025,1397,6756.75,8.15,95.1
156,Los Angeles,CA,USA,1,8,2024,3886,33130.8,8.49,114.2
157,Los Angeles,CA,USA,1,6,2024,1799,9924.69,7.65,97.7
158,Los Angeles,CA,USA,1,1,2024,6091,70847.54,8.87,111.0
159,Los Angeles,CA,USA,1,10,2024,6294,60912.64,8.12,100.7
160,Los Angeles,CA,USA,1,9,2025,5377,31587.06,8.51,66.6
161,Los Angeles,CA,USA,1,11,2025,6180,36338.21,8.82,82.9
162,Los Angeles,CA,USA,1,2,2025,14377,142036.65,8.5,70.3
163,Los Angeles,CA,USA,1,8,2025,5650,53797.58,8.55,107.0
164,Los Angeles,CA,USA,1,1,2025,3085,27413.51,8.19,100.2
165,Los Angeles,CA,USA,23,10,2024,2192,9842.11,7.88,108.0
166,Los Angeles,CA,USA,23,6,2024,722,8080.02,8.15,93.4
167,Los Angeles,CA,USA,23,8,2024,7287,73693.64,8.56,109.1
168,Los Angeles,CA,USA,23,2,2024,3227,38636.05,7.82,67.9
169,Los Angeles,CA,USA,23,9,2024,4590,54319.83,7.54,108.6
170,Los Angeles,CA,USA,23,8,2025,1559,7545.34,8.21,89.1
171,Los Angeles,CA,USA,23,1,2025,6912,57449.94,7.74,81.4
172,Los Angeles,CA,USA,23,3,2025,7691,63642.43,8.47,108.4
173,Los Angeles,CA,USA,23,6,2025,994,9824.04,8.68,90.1
174,Los Angeles,CA,USA,23,2,2025,2878,30266.15,7.59,99.5
175,Los Angeles,CA,USA,23,7,2025,7071,41504.62,8.14,114.9
176,Los Angeles,CA,USA,4,6,2024,3603,29970.86,8.56,95.5
177,Los Angeles,CA,USA,4,3,2024,522,5182.23,7.98,111.1
178,Los Angeles,CA,USA,4,12,2024,1505,11117.75,8.87,102.4
179,Los Angeles,CA,USA,4,7,2024,3618,17183.81,8.39,110.6
180,Los Angeles,CA,USA,4,8,2024,2198,25729.12,7.93,114.0
181,Los Angeles,CA,USA,4,3,2025,5920,61011.31,8.92,93.5
182,Los Angeles,CA,USA,4,5,2025,7863,63930.1,8.17,95.8
183,Los Angeles,CA,USA,4,12,2025,5172,22792.3,8.72,88.4
184,Los Angeles,CA,USA,4,7,2025,1931,22052.97,8.25,85.0
185,Los Angeles,CA,USA,4,9,2025,596,6024.2,7.89,89.8
186,Los Angeles,CA,USA,6,5,2024,2226,14335.07,8.33,65.1
187,Los Angeles,CA,USA,6,11,2024,1075,4924.83,8.81,82.8
188,Los Angeles,CA,USA,6,1,2024,6662,52288.73,8.46,68.5
189,Los Angeles,CA,USA,6,12,2024,2321,22045.65,7.52,88.6
190,Los Angeles,CA,USA,6,8,2024,3004,12501.51,8.42,74.0
191,Los Angeles,CA,USA,6,10,2024,2552,17905.2,8.99,99.2
192,Los Angeles,CA,USA,6,4,2025,861,9118.63,7.73,114.6
193,Los Angeles,CA,USA,6,3,2025,2111,19235.24,8.36,97.5
194,Los Angeles,CA,USA,6,1,2025,2722,19023.06,7.58,69.1
195,Los Angeles,CA,USA,6,2,2025,7509,63678.61,7.8,113.2
196,Los Angeles,CA,USA,6,12,2025,2563,23097.01,8.23,92.6
197,Los Angeles,CA,USA,15,2,2024,5746,55295.63,8.75,76.6
198,Los Angeles,CA,USA,15,10,2024,3529,23208.47,8.87,112.0
199,Los Angeles,CA,USA,15,7,2024,5145,48249.06,8.07,86.7
200,Los Angeles,CA,USA,15,6,2024,4167,31156.11,8.56,78.3
201,Los Angeles,CA,USA,15,3,2025,2869,20769.13,8.6,106.0
202,Los Angeles,CA,USA,15,5,2025,5103,41922.71,7.83,79.8
203,Los Angeles,CA,USA,15,4,2025,4233,40166.01,8.01,106.8
204,Los Angeles,CA,USA,27,1,2024,2400,21913.28,7.72,88.6
205,Los Angeles,CA,USA,27,6,2024,2451,18316.46,8.11,111.5
206,Los Angeles,CA,USA,27,9,2024,6571,29986.6,8.85,106.8
207,Los Angeles,CA,USA,27,12,2025,5610,47301.44,7.77,77.2
208,Los Angeles,CA,USA,27,2,2025,6369,37366.7,8.6,91.7
209,Los Angeles,CA,USA,27,1,2025,5615,39320.26,8.58,93.0
210,Los Angeles,CA,USA,27,6,2025,7818,38541.01,7.89,86.3
211,Los Angeles,CA,USA,33,12,2024,3333,30771.87,7.64,75.8
212,Los Angeles,CA,USA,33,1,2024,1727,9269.14,8.9,85.8
213,Los Angeles,CA,USA,33,7,2024,5536,38926.33,8.66,82.0
214,Los Angeles,CA,USA,33,5,2025,7431,38658.67,7.57,66.7
215,Los Angeles,CA,USA,33,10,2025,7982,66724.16,7.95,109.4
216,Los Angeles,CA,USA,33,11,2025,1691,15933.23,8.07,99.1
217,Los Angeles,CA,USA,33,7,2025,1125,11717.87,8.61,90.1
218,Los Angeles,CA,USA,7,6,2024,5225,22480.07,7.93,79.9
219,Los Angeles,CA,USA,7,9,2024,4716,36429.42,8.8,68.9
220,Los Angeles,CA,USA,7,7,2024,4849,42486.81,8.7,69.0
221,Los Angeles,CA,USA,7,9,2025,3469,33403.06,7.88,101.9
222,Los Angeles,CA,USA,7,1,2025,5884,43650.92,8.93,110.9
223,Los Angeles,CA,USA,7,8,2025,4113,48780.15,7.58,114.0
224,Los Angeles,CA,USA,7,7,2025,3886,20123.53,7.97,65.4
225,Los Angeles,CA,USA,7,12,2025,3950,29880.93,7.8,95.2
226,Los Angeles,CA,USA,7,11,2025,2463,22572.23,8.11,74.1
227,Chicago,IL,USA,38,6,2024,2505,22815.04,6.09,105.1
228,Chicago,IL,USA,38,5,2024,2551,28239.96,6.45,88.1
229,Chicago,IL,USA,38,2,2024,2404,26847.01,7.0,81.3
230,Chicago,IL,USA,38,11,2024,7089,48451.41,8.01,69.6
231,Chicago,IL,USA,38,11,2025,2884,13599.21,6.8,103.6
232,Chicago,IL,USA,38,4,2025,1898,8278.02,6.81,87.4
233,Chicago,IL,USA,38,1,2025,2906,22796.44,7.75,94.9
234,Chicago,IL,USA,38,9,2025,4315,24850.53,6.27,93.2
235,Chicago,IL,USA,38,10,2025,1052,8479.46,7.61,79.0
236,Chicago,IL,USA,36,10,2024,7243,55169.6,6.21,95.5
237,Chicago,IL,USA,36,2,2024,5427,29134.98,6.38,80.2
238,Chicago,IL,USA,36,8,2024,5455,52515.64,8.06,91.9
239,Chicago,IL,USA,36,3,2024,2147,12605.6,8.03,67.8
240,Chicago,IL,USA,36,5,2024,3481,32199.44,6.86,111.1
241,Chicago,IL,USA,36,4,2024,7038,50507.49,7.13,77.1
242,Chicago,IL,USA,36,3,2025,7381,55163.34,7.11,97.9
243,Chicago,IL,USA,36,12,2025,4243,17908.27,8.38,69.4
244,Chicago,IL,USA,36,1,2025,1910,16060.04,7.33,104.0
245,Chicago,IL,USA,36,11,2025,7223,68817.98,8.13,87.6
246,Chicago,IL,USA,36,9,2025,5827,48762.9,7.48,100.6
247,Chicago,IL,USA,23,4,2024,5185,30939.39,7.08,80.1
248,Chicago,IL,USA,23,2,2024,3517,23187.07,6.35,84.8
249,Chicago,IL,USA,23,11,2024,2581,28524.99,6.05,66.2
250,Chicago,IL,USA,23,9,2024,3298,36990.77,6.99,110.6
251,Chicago,IL,USA,23,1,2025,5500,22450.32,6.84,93.8
252,Chicago,IL,USA,23,9,2025,3236,17567.05,7.25,111.7
253,Chicago,IL,USA,23,11,2025,525,3909.1,7.91,77.4
254,Chicago,IL,USA,25,3,2024,6791,27824.95,6.4,77.2
255,Chicago,IL,USA,25,12,2024,3704,20462.71,6.8,71.5
256,Chicago,IL,USA,25,10,2024,3089,25180.42,7.4,78.3
257,Chicago,IL,USA,25,9,2024,999,4741.81,7.43,78.6
258,Chicago,IL,USA,25,11,2024,2762,26776.54,8.45,72.8
259,Chicago,IL,USA,25,7,2024,6841,74271.46,6.11,74.4
260,Chicago,IL,USA,25,12,2025,4169,19589.58,6.48,77.1
261,Chicago,IL,USA,25,8,2025,5980,69275.14,8.13,106.3
262,Chicago,IL,USA,25,10,2025,1220,9854.49,6.27,90.5
263,Chicago,IL,USA,25,11,2025,7594,77365.26,7.93,97.2
264,Chicago,IL,USA,25,3,2025,7579,66158.52,6.4,108.1
265,Chicago,IL,USA,35,8,2024,4831,48927.43,8.29,97.3
266,Chicago,IL,USA,35,5,2024,7333,31978.8,6.43,111.1
267,Chicago,IL,USA,35,4,2024,1188,7928.64,7.65,113.7
268,Chicago,IL,USA,35,6,2025,4095,17968.22,6.94,114.6
269,Chicago,IL,USA,35,7,2025,6983,64755.33,7.1,92.9
270,Chicago,IL,USA,35,8,2025,6357,62461.33,7.75,96.5
271,Chicago,IL,USA,35,4,2025,5757,68080.81,7.84,76.8
272,Chicago,IL,USA,35,9,2025,2882,20011.99,7.05,88.8
273,Chicago,IL,USA,18,6,2024,6173,54240.34,6.23,81.5
274,Chicago,IL,USA,18,1,2024,6397,51741.69,7.95,108.7
275,Chicago,IL,USA,18,3,2024,6800,65956.95,6.55,108.3
276,Chicago,IL,USA,18,2,2025,5826,65369.93,8.31,97.8
277,Chicago,IL,USA,18,8,2025,3532,36624.64,7.62,83.8
278,Chicago,IL,USA,18,1,2025,4219,31567.63,8.28,99.0
279,Chicago,IL,USA,18,3,2025,7471,46945.89,6.59,80.2
280,Chicago,IL,USA,18,5,2025,1961,23420.34,7.89,92.5
281,Chicago,IL,USA,12,3,2024,4551,22774.57,6.53,66.5
282,Chicago,IL,USA,12,2,2024,2981,12147.23,7.37,66.2
283,Chicago,IL,USA,12,4,2024,2739,17528.62,6.89,78.7
284,Chicago,IL,USA,12,1,2024,7163,75664.5,8.33,90.0
285,Chicago,IL,USA,12,12,2024,6440,56898.47,8.26,71.7
286,Chicago,IL,USA,12,6,2024,1084,8534.38,7.23,78.8
287,Chicago,IL,USA,12,4,2025,1871,11459.66,7.71,111.0
288,Chicago,IL,USA,12,5,2025,6994,44024.66,7.76,112.7
289,Chicago,IL,USA,12,8,2025,4505,50806.78,8.49,72.3
290,Chicago,IL,USA,12,10,2025,5026,33633.01,8.05,83.4
291,Chicago,IL,USA,7,9,2024,3361,23244.78,7.44,94.8
292,Chicago,IL,USA,7,5,2024,4533,50045.45,7.08,96.6
293,Chicago,IL,USA,7,12,2024,6765,58339.57,7.7,112.7
294,Chicago,IL,USA,7,3,2024,2448,9852.56,8.34,105.0
295,Chicago,IL,USA,7,8,2024,6075,45619.6,7.99,67.7
296,Chicago,IL,USA,7,4,2025,3729,37729.66,7.41,90.2
297,Chicago,IL,USA,7,6,2025,6000,59734.12,8.13,105.1
298,Chicago,IL,USA,7,10,2025,2765,30442.22,8.09,98.7
299,Chicago,IL,USA,7,2,2025,5256,57226.05,6.81,109.1
300,Chicago,IL,USA,11,11,2024,2007,15960.65,7.66,97.4
301,Chicago,IL,USA,11,12,2024,2791,18144.06,8.0,114.8
302,Chicago,IL,USA,11,6,2024,2447,21175.67,7.83,70.6
303,Chicago,IL,USA,11,7,2024,6671,65777.01,6.35,79.6
304,Chicago,IL,USA,11,9,2024,4774,50592.25,8.09,105.3
305,Chicago,IL,USA,11,1,2024,6790,80966.05,7.64,79.9
306,Chicago,IL,USA,11,12,2025,6036,54909.66,6.69,76.1
307,Chicago,IL,USA,11,5,2025,829,9136.29,6.92,82.6
308,Chicago,IL,USA,11,3,2025,5568,36996.57,6.74,88.1
309,Chicago,IL,USA,11,7,2025,2723,18320.51,7.49,65.6
310,Chicago,IL,USA,11,6,2025,1652,14489.55,6.39,68.4
311,Chicago,IL,USA,9,11,2024,4718,33215.71,6.21,80.8
312,Chicago,IL,USA,9,9,2024,544,5207.99,8.07,95.4
313,Chicago,IL,USA,9,10,2024,3040,32729.75,7.49,87.1
314,Chicago,IL,USA,9,8,2024,5457,57233.57,7.41,88.3
315,Chicago,IL,USA,9,7,2024,5041,21369.17,7.89,80.1
316,Chicago,IL,USA,9,10,2025,7209,58494.4,7.24,73.0
317,Chicago,IL,USA,9,1,2025,5195,53848.95,6.04,103.9
318,Chicago,IL,USA,9,9,2025,2445,24986.03,6.78,90.0
319,Chicago,IL,USA,9,11,2025,7902,93427.68,7.51,79.8
320,Chicago,IL,USA,9,3,2025,3129,25137.09,6.43,68.2
321,Chicago,IL,USA,9,4,2025,3264,23660.56,6.19,106.7
322,Chicago,IL,USA,33,10,2024,5351,55794.08,7.5,101.3
323,Chicago,IL,USA,33,12,2024,6151,59133.55,8.1,66.7
324,Chicago,IL,USA,33,4,2024,2192,15867.46,6.09,79.4
325,Chicago,IL,USA,33,8,2024,7319,42765.64,7.04,108.1
326,Chicago,IL,USA,33,3,2024,3532,32200.51,7.56,101.8
327,Chicago,IL,USA,33,10,2025,5643,38937.23,7.3,105.4
328,Chicago,IL,USA,33,9,2025,3299,38604.42,7.14,83.5
329,Chicago,IL,USA,33,5,2025,5892,60795.48,8.41,88.5
330,Chicago,IL,USA,33,7,2025,5381,46300.76,7.91,83.0
331,Chicago,IL,USA,34,12,2024,4865,43798.88,7.32,97.6
332,Chicago,IL,USA,34,10,2024,1376,5953.36,7.55,79.0
333,Chicago,IL,USA,34,3,2024,7392,72501.52,6.63,111.0
334,Chicago,IL,USA,34,2,2024,5255,50551.29,8.31,91.7
335,Chicago,IL,USA,34,6,2025,4974,21903.68,8.25,84.3
336,Chicago,IL,USA,34,9,2025,4962,52415.16,6.34,110.2
337,Chicago,IL,USA,34,1,2025,2556,18371.32,8.16,72.1
338,Chicago,IL,USA,34,12,2025,2781,26833.71,6.69,69.7
339,Chicago,IL,USA,21,9,2024,1761,10736.7,7.83,100.7
340,Chicago,IL,USA,21,5,2024,6160,71214.37,7.03,101.1
341,Chicago,IL,USA,21,10,2024,4937,37234.87,6.91,68.3
342,Chicago,IL,USA,21,7,2024,6237,64763.07,6.76,76.4
343,Chicago,IL,USA,21,12,2025,3543,34256.6,7.25,113.0
344,Chicago,IL,USA,21,1,2025,7253,86741.76,8.07,71.5
345,Chicago,IL,USA,21,5,2025,4675,19929.89,8.21,65.1
346,Chicago,IL,USA,21,10,2025,5822,25674.64,6.26,69.4
347,Chicago,IL,USA,21,11,2025,3463,39599.64,7.27,110.4
348,Houston,TX,USA,19,1,2024,1361,10909.64,7.54,81.8
349,Houston,TX,USA,19,10,2024,3733,19103.99,6.21,103.9
350,Houston,TX,USA,19,3,2024,1613,8102.6,7.22,83.8
351,Houston,TX,USA,19,12,2024,1477,12572.52,6.32,103.4
352,Houston,TX,USA,19,2,2024,5255,38079.47,7.23,65.2
353,Houston,TX,USA,19,3,2025,4865,54633.78,8.16,103.9
354,Houston,TX,USA,19,8,2025,6993,30749.41,6.29,98.5
355,Houston,TX,USA,19,2,2025,2724,29059.05,8.45,72.3
356,Houston,TX,USA,39,1,2024,6815,57465.65,7.66,97.2
357,Houston,TX,USA,39,12,2024,7697,47861.51,7.54,80.8
358,Houston,TX,USA,39,4,2024,3648,22874.18,8.38,79.9
359,Houston,TX,USA,39,6,2024,4642,52680.75,7.65,96.0
360,Houston,TX,USA,39,2,2024,3666,34231.83,7.75,94.0
361,Houston,TX,USA,39,2,2025,3863,23429.89,7.74,84.1
362,Houston,TX,USA,39,7,2025,5992,32798.89,7.57,86.5
363,Houston,TX,USA,39,12,2025,5961,27683.81,7.77,92.1
364,Houston,TX,USA,42,9,2024,3534,22700.39,7.3,107.2
365,Houston,TX,USA,42,11,2024,1206,13391.78,6.98,111.8
366,Houston,TX,USA,42,8,2024,3990,29995.85,6.56,81.2
367,Houston,TX,USA,42,7,2024,6171,39163.17,7.28,73.6
368,Houston,TX,USA,42,3,2024,749,8914.3,8.07,104.3
369,Houston,TX,USA,42,10,2024,3883,21652.83,8.47,75.0
370,Houston,TX,USA,42,3,2025,5875,47826.41,6.59,108.3
371,Houston,TX,USA,42,2,2025,1788,20410.8,7.13,81.6
372,Houston,TX,USA,42,5,2025,2783,21920.64,6.02,79.8
373,Houston,TX,USA,42,8,2025,1265,12796.35,8.26,77.5
374,Houston,TX,USA,42,12,2025,1776,20719.7,8.48,102.0
375,Houston,TX,USA,26,1,2024,5787,30082.96,6.65,111.7
376,Houston,TX,USA,26,8,2024,7482,35709.25,7.69,102.0
377,Houston,TX,USA,26,10,2024,3607,26429.62,7.62,74.7
378,Houston,TX,USA,26,12,2024,5621,38765.12,8.24,109.3
379,Houston,TX,USA,26,11,2025,2200,10479.94,7.74,72.5
380,Houston,TX,USA,26,3,2025,1401,15817.83,6.57,102.1
381,Houston,TX,USA,26,10,2025,6530,52901.38,7.51,83.4
382,Houston,TX,USA,26,6,2025,5166,33980.7,8.03,72.9
383,Houston,TX,USA,26,1,2025,6562,74732.28,6.22,108.7
384,Houston,TX,USA,1,1,2024,1421,9323.82,8.16,93.2
385,Houston,TX,USA,1,3,2024,2237,23338.8,7.51,67.7
386,Houston,TX,USA,1,9,2024,3054,15217.26,8.0,90.0
387,Houston,TX,USA,1,3,2025,5132,59037.3,6.46,102.9
388,Houston,TX,USA,1,2,2025,948,7684.01,7.99,74.4
389,Houston,TX,USA,1,5,2025,508,3908.84,6.25,98.5
390,Houston,TX,USA,9,11,2024,5292,35499.99,7.37,75.9
391,Houston,TX,USA,9,1,2024,5691,22819.81,7.08,90.6
392,Houston,TX,USA,9,3,2024,2113,10949.11,7.27,96.0
393,Houston,TX,USA,9,2,2024,2496,13801.73,6.93,94.6
394,Houston,TX,USA,9,12,2024,7264,78923.09,6.68,99.2
395,Houston,TX,USA,9,9,2025,4331,51799.47,6.68,95.3
396,Houston,TX,USA,9,8,2025,2388,18437.48,7.99,86.6
397,Houston,TX,USA,9,3,2025,1074,12754.59,6.47,107.8
398,Houston,TX,USA,47,6,2024,5805,39441.46,7.52,83.0
399,Houston,TX,USA,47,10,2024,2990,28304.65,8.27,101.7
400,Houston,TX,USA,47,7,2024,4255,49322.15,7.38,92.7
401,Houston,TX,USA,47,8,2025,6637,36313.61,7.77,76.1
402,Houston,TX,USA,47,7,2025,7882,33337.74,7.07,73.6
403,Houston,TX,USA,47,4,2025,2219,19063.13,7.13,113.0
404,Houston,TX,USA,47,5,2025,940,6527.0,7.8,111.0
405,Houston,TX,USA,47,2,2025,4288,26728.01,8.42,98.6
406,Houston,TX,USA,11,1,2024,6693,44727.7,6.07,72.8
407,Houston,TX,USA,11,11,2024,6911,32233.55,6.55,96.8
408,Houston,TX,USA,11,4,2024,1559,17523.05,7.23,114.2
409,Houston,TX,USA,11,8,2024,1305,11791.02,8.34,101.4
410,Houston,TX,USA,11,9,2024,6085,49383.14,7.14,97.8
411,Houston,TX,USA,11,5,2024,7217,37769.23,7.23,103.9
412,Houston,TX,USA,11,7,2025,7533,34877.66,7.56,73.6
413,Houston,TX,USA,11,6,2025,2211,13855.98,6.93,114.3
414,Houston,TX,USA,11,1,2025,2389,12548.47,7.09,76.4
415,Houston,TX,USA,11,10,2025,3580,30070.43,7.23,75.5
416,Phoenix,AZ,USA,14,3,2024,3272,38396.92,7.49,99.3
417,Phoenix,AZ,USA,14,12,2024,787,3735.45,6.89,101.4
418,Phoenix,AZ,USA,14,4,2024,3245,25546.63,6.11,104.1
419,Phoenix,AZ,USA,14,10,2024,4451,23641.35,7.97,112.2
420,Phoenix,AZ,USA,14,2,2024,906,7821.23,7.83,92.9
421,Phoenix,AZ,USA,14,1,2025,841,4848.82,8.29,92.4
422,Phoenix,AZ,USA,14,9,2025,5663,27245.39,7.53,114.6
423,Phoenix,AZ,USA,14,10,2025,1553,9088.85,8.23,66.1
424,Phoenix,AZ,USA,14,11,2025,3738,21732.12,6.07,78.8
425,Phoenix,AZ,USA,14,6,2025,3781,45082.07,8.15,85.1
426,Phoenix,AZ,USA,14,12,2025,7245,36648.45,6.0,101.2
427,Phoenix,AZ,USA,38,8,2024,6190,39226.48,6.72,105.7
428,Phoenix,AZ,USA,38,10,2024,5461,21940.11,6.94,93.9
429,Phoenix,AZ,USA,38,4,2024,892,4133.96,6.39,103.1
430,Phoenix,AZ,USA,38,10,2025,7521,30410.72,7.01,114.2
431,Phoenix,AZ,USA,38,11,2025,7803,68950.17,6.2,77.6
432,Phoenix,AZ,USA,38,9,2025,1897,16985.2,6.54,100.9
433,Phoenix,AZ,USA,38,1,2025,1804,14224.87,6.15,75.5
434,Phoenix,AZ,USA,38,5,2025,5967,26462.57,7.98,80.4
435,Phoenix,AZ,USA,38,3,2025,5231,41430.52,7.88,107.8
436,Phoenix,AZ,USA,22,6,2024,2295,11096.69,6.01,68.4
437,Phoenix,AZ,USA,22,1,2024,7688,32461.31,7.07,82.3
438,Phoenix,AZ,USA,22,2,2024,1361,6244.11,6.34,88.7
439,Phoenix,AZ,USA,22,5,2024,2509,14000.47,8.36,103.0
440,Phoenix,AZ,USA,22,9,2024,2904,15512.41,7.71,77.3
441,Phoenix,AZ,USA,22,11,2025,4861,23173.25,6.66,96.8
442,Phoenix,AZ,USA,22,4,2025,1968,20866.92,6.96,74.2
443,Phoenix,AZ,USA,22,8,2025,5148,52763.61,6.2,81.7
444,Phoenix,AZ,USA,22,6,2025,5581,44969.49,7.0,79.7
445,Phoenix,AZ,USA,22,9,2025,3820,39399.26,6.81,81.9
446,Phoenix,AZ,USA,13,4,2024,3989,21653.7,6.3,88.5
447,Phoenix,AZ,USA,13,10,2024,5473,29800.15,6.36,71.5
448,Phoenix,AZ,USA,13,9,2024,4721,21377.68,8.13,81.0
449,Phoenix,AZ,USA,13,12,2024,7423,36836.75,6.05,91.6
450,Phoenix,AZ,USA,13,1,2024,7248,40975.99,6.32,103.7
451,Phoenix,AZ,USA,13,8,2024,1466,7175.09,8.24,79.0
452,Phoenix,AZ,USA,13,6,2025,4487,30696.7,6.14,101.8
453,Phoenix,AZ,USA,13,4,2025,7406,44138.2,6.26,97.9
454,Phoenix,AZ,USA,13,1,2025,683,5151.6,6.37,100.6
455,Phoenix,AZ,USA,13,2,2025,4206,38950.46,7.63,93.5
456,Phoenix,AZ,USA,13,12,2025,5996,37141.14,7.28,111.4
457,Phoenix,AZ,USA,13,7,2025,565,6394.8,6.7,101.0
458,Phoenix,AZ,USA,1,3,2024,837,5129.18,7.51,66.9
459,Phoenix,AZ,USA,1,5,2024,4661,29605.93,8.0,104.2
460,Phoenix,AZ,USA,1,12,2024,5403,51495.4,7.17,88.7
461,Phoenix,AZ,USA,1,1,2024,2926,17536.69,6.35,76.4
462,Phoenix,AZ,USA,1,2,2025,3904,18270.41,8.06,73.7
463,Phoenix,AZ,USA,1,4,2025,4312,48091.07,6.69,101.3
464,Phoenix,AZ,USA,1,3,2025,3044,20272.5,6.03,70.1
465,Phoenix,AZ,USA,1,6,2025,5978,59615.87,7.93,88.4
466,Phoenix,AZ,USA,10,10,2024,6012,60705.13,7.91,94.4
467,Phoenix,AZ,USA,10,2,2024,7560,80331.73,6.7,69.4
468,Phoenix,AZ,USA,10,7,2024,7689,46268.06,6.77,87.6
469,Phoenix,AZ,USA,10,11,2024,6348,34868.28,8.1,88.6
470,Phoenix,AZ,USA,10,12,2025,4370,44922.84,6.05,103.9
471,Phoenix,AZ,USA,10,3,2025,3648,34351.44,6.69,109.2
472,Phoenix,AZ,USA,10,1,2025,7976,61378.95,7.68,109.9
473,Phoenix,AZ,USA,10,8,2025,2222,12312.66,7.89,85.9
474,Phoenix,AZ,USA,10,6,2025,6066,71484.09,6.28,78.9
475,Phoenix,AZ,USA,5,12,2024,2568,26555.97,6.56,114.8
476,Phoenix,AZ,USA,5,7,2024,1492,8119.55,7.84,72.6
477,Phoenix,AZ,USA,5,8,2024,5123,39122.42,8.12,113.6
478,Phoenix,AZ,USA,5,6,2025,7434,78801.17,6.2,97.7
479,Phoenix,AZ,USA,5,4,2025,2548,25091.24,7.15,101.9
480,Phoenix,AZ,USA,5,2,2025,690,6110.24,8.1,70.4
481,Phoenix,AZ,USA,5,8,2025,4336,30094.43,7.82,114.5
482,Phoenix,AZ,USA,5,5,2025,3558,26441.43,7.14,98.1
483,Phoenix,AZ,USA,5,12,2025,6688,76839.46,6.38,76.5
484,Phoenix,AZ,USA,47,12,2024,5583,44787.44,7.09,114.6
485,Phoenix,AZ,USA,47,9,2024,1761,11632.87,6.62,76.5
486,Phoenix,AZ,USA,47,3,2024,2771,14406.17,7.82,76.1
487,Phoenix,AZ,USA,47,1,2024,5775,48837.25,6.39,111.1
488,Phoenix,AZ,USA,47,12,2025,5153,46785.41,8.3,114.3
489,Phoenix,AZ,USA,47,10,2025,923,9498.98,7.53,115.0
490,Phoenix,AZ,USA,47,8,2025,7616,47615.59,7.94,82.8
491,Phoenix,AZ,USA,47,4,2025,3557,41627.12,7.55,77.2
492,Phoenix,AZ,USA,47,3,2025,2631,26031.23,6.6,67.2
493,Phoenix,AZ,USA,47,11,2025,7733,67793.27,8.15,98.7
494,Phoenix,AZ,USA,42,6,2024,6228,28617.26,6.27,103.0
495,Phoenix,AZ,USA,42,2,2024,7202,43896.67,7.26,107.7
496,Phoenix,AZ,USA,42,8,2024,3118,18702.75,6.14,111.5
497,Phoenix,AZ,USA,42,10,2024,3655,21602.98,6.32,98.5
498,Phoenix,AZ,USA,42,1,2024,4118,34775.47,8.04,108.4
499,Phoenix,AZ,USA,42,8,2025,4614,50136.47,8.1,93.5
500,Phoenix,AZ,USA,42,5,2025,2551,26512.27,7.03,105.6
501,Phoenix,AZ,USA,42,1,2025,1048,8249.07,6.82,72.3
502,Phoenix,AZ,USA,42,7,2025,4905,34566.29,7.53,84.7
503,Phoenix,AZ,USA,37,7,2024,6122,24687.64,7.5,87.1
504,Phoenix,AZ,USA,37,5,2024,537,3356.05,8.18,85.5
505,Phoenix,AZ,USA,37,4,2024,985,10581.1,7.8,103.5
506,Phoenix,AZ,USA,37,9,2024,6181,32825.03,6.9,100.0
507,Phoenix,AZ,USA,37,8,2024,3863,41148.05,7.84,104.4
508,Phoenix,AZ,USA,37,8,2025,1818,11166.82,6.01,66.3
509,Phoenix,AZ,USA,37,2,2025,6410,76193.68,8.45,96.0
510,Phoenix,AZ,USA,37,4,2025,1149,12184.38,7.81,101.9
511,Phoenix,AZ,USA,37,1,2025,7774,57983.58,6.03,76.4
512,Phoenix,AZ,USA,37,6,2025,2931,26007.43,8.49,100.2
513,London,,UK,11,6,2024,7889,45186.76,6.49,95.1
514,London,,UK,11,9,2024,5295,21260.77,8.25,114.2
515,London,,UK,11,2,2024,5524,30707.01,8.06,85.4
516,London,,UK,11,7,2024,2443,18967.88,6.46,75.7
517,London,,UK,11,8,2024,1071,9294.0,8.0,72.5
518,London,,UK,11,6,2025,7068,54925.11,7.36,111.6
519,London,,UK,11,3,2025,1981,11882.3,7.01,111.3
520,London,,UK,11,12,2025,6067,58713.07,7.24,105.6
521,London,,UK,11,8,2025,4528,23092.5,7.84,80.2
522,London,,UK,11,7,2025,1320,6234.08,8.35,106.2
523,London,,UK,11,9,2025,7334,36320.49,8.38,91.3
524,London,,UK,46,10,2024,6877,59683.75,6.78,97.6
525,London,,UK,46,9,2024,3064,35541.16,8.04,67.1
526,London,,UK,46,3,2024,6207,47909.88,6.53,104.3
527,London,,UK,46,7,2024,5766,60549.03,8.43,78.5
528,London,,UK,46,4,2024,5480,48449.37,6.14,81.8
529,London,,UK,46,2,2025,7830,31746.9,6.03,95.8
530,London,,UK,46,5,2025,4876,51266.42,8.31,73.4
531,London,,UK,46,12,2025,5178,35255.51,7.71,95.9
532,London,,UK,6,8,2024,5348,37479.91,6.32,99.6
533,London,,UK,6,2,2024,3986,27869.3,8.42,112.9
534,London,,UK,6,4,2024,7526,60753.05,7.8,97.5
535,London,,UK,6,12,2024,2140,20838.65,7.92,74.5
536,London,,UK,6,10,2024,2694,15543.72,7.24,70.4
537,London,,UK,6,11,2025,874,4163.67,7.24,93.3
538,London,,UK,6,6,2025,7030,55970.47,7.24,68.0
539,London,,UK,6,5,2025,1755,13835.93,7.33,101.6
540,London,,UK,6,8,2025,3901,44473.26,7.98,77.0
541,London,,UK,8,10,2024,870,9721.44,8.09,88.8
542,London,,UK,8,9,2024,5092,34154.41,6.35,84.3
543,London,,UK,8,6,2024,3945,43539.94,6.26,96.4
544,London,,UK,8,5,2025,5045,38420.98,7.99,112.3
545,London,,UK,8,1,2025,1587,16014.23,7.1,109.2
546,London,,UK,8,9,2025,809,6465.64,6.94,105.8
547,London,,UK,8,3,2025,4863,20762.17,7.32,114.2
548,London,,UK,17,11,2024,4448,51653.19,7.75,105.5
549,London,,UK,17,7,2024,4426,30548.43,7.74,91.6
550,London,,UK,17,1,2024,5310,29364.62,6.64,114.5
551,London,,UK,17,6,2025,818,7160.13,7.95,98.3
552,London,,UK,17,1,2025,5988,40048.23,6.54,86.4
553,London,,UK,17,11,2025,515,4074.69,8.04,78.9
554,London,,UK,2,5,2024,2236,9096.37,8.15,114.6
555,London,,UK,2,11,2024,6228,34503.69,7.48,79.9
556,London,,UK,2,3,2024,1596,11835.31,7.46,99.4
557,London,,UK,2,10,2024,2292,11069.43,6.39,81.5
558,London,,UK,2,4,2024,5202,35822.49,7.76,108.5
559,London,,UK,2,12,2025,4665,49057.74,7.31,92.2
560,London,,UK,2,8,2025,6325,51151.01,6.28,86.6
561,London,,UK,2,1,2025,5445,53671.5,8.0,105.4
562,London,,UK,38,2,2024,1637,9220.36,6.75,66.7
563,London,,UK,38,3,2024,2115,17570.72,6.76,101.4
564,London,,UK,38,6,2024,7313,67738.92,6.01,111.4
565,London,,UK,38,5,2024,2068,17710.53,6.1,79.8
566,London,,UK,38,8,2024,5741,62620.28,7.87,86.0
567,London,,UK,38,8,2025,6118,63316.71,7.18,94.0
568,London,,UK,38,11,2025,3769,37698.68,6.29,108.7
569,London,,UK,38,1,2025,6013,26277.87,8.1,94.8
570,London,,UK,38,6,2025,4438,34485.56,7.73,76.1
571,London,,UK,38,5,2025,6611,72944.72,7.26,97.9
572,London,,UK,47,9,2024,2686,11415.19,6.78,85.8
573,London,,UK,47,6,2024,3265,22751.01,6.48,100.5
574,London,,UK,47,3,2024,4581,22893.06,6.2,71.0
575,London,,UK,47,8,2024,4672,21586.72,6.32,77.4
576,London,,UK,47,10,2024,1482,8672.78,7.11,101.1
577,London,,UK,47,11,2024,2172,23070.59,6.31,103.7
578,London,,UK,47,1,2025,5415,59748.52,6.84,80.0
579,London,,UK,47,12,2025,534,5088.55,7.3,88.7
580,London,,UK,47,2,2025,5586,32080.29,6.89,77.7
581,Manchester,,UK,2,3,2024,5749,58353.93,6.98,92.9
582,Manchester,,UK,2,1,2024,1716,8906.64,7.32,75.9
583,Manchester,,UK,2,10,2024,4610,29213.54,7.35,88.8
584,Manchester,,UK,2,5,2024,7522,36337.24,6.31,90.6
585,Manchester,,UK,2,9,2024,5677,25889.69,8.3,113.6
586,Manchester,,UK,2,6,2024,3312,31873.34,8.23,80.7
587,Manchester,,UK,2,1,2025,6113,48917.89,6.05,106.3
588,Manchester,,UK,2,10,2025,6963,57848.09,8.09,92.4
589,Manchester,,UK,2,8,2025,937,10569.45,7.92,71.3
590,Manchester,,UK,2,3,2025,6740,71552.7,7.49,81.5
591,Manchester,,UK,24,10,2024,2593,24813.51,7.76,83.3
592,Manchester,,UK,24,9,2024,5913,64006.2,7.57,113.2
593,Manchester,,UK,24,4,2024,5074,37423.86,7.6,75.8
594,Manchester,,UK,24,3,2024,3035,25609.62,7.02,89.4
595,Manchester,,UK,24,2,2024,6780,67385.54,6.02,113.4
596,Manchester,,UK,24,7,2024,7120,35364.65,6.24,100.3
597,Manchester,,UK,24,6,2025,4885,46544.34,6.25,99.0
598,Manchester,,UK,24,4,2025,2857,17153.46,8.08,91.1
599,Manchester,,UK,24,10,2025,5900,44844.34,7.39,91.9
600,Manchester,,UK,24,3,2025,4902,21568.05,7.5,67.7
601,Manchester,,UK,24,2,2025,4304,17969.87,7.23,93.1
602,Manchester,,UK,30,10,2024,4812,43702.04,6.36,113.4
603,Manchester,,UK,30,3,2024,1631,19425.36,6.29,111.5
604,Manchester,,UK,30,11,2024,2104,22309.4,6.67,80.2
605,Manchester,,UK,30,12,2024,1500,14443.17,7.14,70.4
606,Manchester,,UK,30,3,2025,1241,10920.47,7.1,90.7
607,Manchester,,UK,30,12,2025,849,4138.41,7.0,114.7
608,Manchester,,UK,30,6,2025,6200,31270.8,7.24,75.9
609,Manchester,,UK,30,8,2025,603,6762.87,8.21,70.9
610,Manchester,,UK,29,10,2024,4206,48420.75,8.48,100.9
611,Manchester,,UK,29,9,2024,6865,53486.06,6.69,101.0
612,Manchester,,UK,29,8,2024,7832,60535.69,7.02,112.8
613,Manchester,,UK,29,1,2024,6046,60382.8,6.54,71.0
614,Manchester,,UK,29,4,2024,2208,21418.98,7.69,112.1
615,Manchester,,UK,29,3,2025,6634,61876.7,7.23,66.8
616,Manchester,,UK,29,12,2025,6956,47435.83,6.1,110.8
617,Manchester,,UK,29,4,2025,4005,27583.62,7.09,83.8
618,Manchester,,UK,29,5,2025,3813,31497.6,6.53,81.3
619,Manchester,,UK,13,2,2024,5668,50167.9,8.13,111.3
620,Manchester,,UK,13,1,2024,4529,27652.75,7.94,98.8
621,Manchester,,UK,13,10,2024,5573,34647.66,6.12,65.5
622,Manchester,,UK,13,8,2025,2126,15574.66,6.15,99.2
623,Manchester,,UK,13,4,2025,6641,34417.21,7.48,107.8
624,Manchester,,UK,13,3,2025,2170,18750.51,7.19,69.7
625,Manchester,,UK,13,7,2025,2707,25208.03,6.78,91.8
626,Manchester,,UK,13,9,2025,2554,27081.21,8.43,109.8
627,Manchester,,UK,26,11,2024,2865,28884.14,7.5,98.0
628,Manchester,,UK,26,7,2024,6681,32520.14,6.1,75.2
629,Manchester,,UK,26,1,2024,7768,59803.75,8.21,108.8
630,Manchester,,UK,26,10,2025,3352,21338.97,6.14,76.6
631,Manchester,,UK,26,3,2025,6764,81032.72,7.76,72.3
632,Manchester,,UK,26,9,2025,7886,40408.23,7.73,106.4
633,Manchester,,UK,26,8,2025,7893,82589.69,7.36,100.8
634,Manchester,,UK,43,3,2024,3813,36422.51,7.56,83.7
635,Manchester,,UK,43,6,2024,5293,62090.89,6.48,72.7
636,Manchester,,UK,43,8,2024,1338,11087.57,7.9,86.0
637,Manchester,,UK,43,2,2025,6112,28923.01,6.92,91.7
638,Manchester,,UK,43,8,2025,5124,33910.29,6.92,94.9
639,Manchester,,UK,43,3,2025,7468,41999.25,6.7,82.3
640,Manchester,,UK,43,9,2025,2198,18021.81,8.07,83.3
641,Manchester,,UK,43,6,2025,1400,15337.26,6.73,68.9
642,Manchester,,UK,18,1,2024,5372,53128.11,7.79,102.3
643,Manchester,,UK,18,6,2024,2803,31709.96,6.46,102.5
644,Manchester,,UK,18,11,2024,6961,41537.93,6.69,80.3
645,Manchester,,UK,18,12,2025,3101,21067.11,6.29,81.1
646,Manchester,,UK,18,3,2025,2770,27814.36,6.89,113.4
647,Manchester,,UK,18,9,2025,2351,16589.33,6.87,96.1
648,Manchester,,UK,18,10,2025,2082,18698.44,7.44,105.4
649,Manchester,,UK,18,4,2025,2636,30306.98,6.16,102.6
650,Manchester,,UK,18,8,2025,5881,54790.32,7.57,88.4
651,Manchester,,UK,8,8,2024,2675,14380.97,7.45,67.5
652,Manchester,,UK,8,12,2024,1564,12665.04,6.92,84.0
653,Manchester,,UK,8,10,2024,2092,11325.32,7.21,85.6
654,Manchester,,UK,8,1,2025,6232,71100.52,7.16,88.7
655,Manchester,,UK,8,10,2025,5034,28396.09,6.34,95.2
656,Manchester,,UK,8,2,2025,1287,15157.37,6.53,104.1
657,Manchester,,UK,8,3,2025,7030,82961.97,6.4,68.5
658,Manchester,,UK,8,7,2025,3396,37342.81,6.22,110.4
659,Manchester,,UK,8,4,2025,1694,7318.15,7.08,92.2
660,Manchester,,UK,19,7,2024,7285,73917.9,6.45,73.0
661,Manchester,,UK,19,4,2024,4921,21576.32,7.85,73.9
662,Manchester,,UK,19,8,2024,5603,29214.87,6.28,80.0
663,Manchester,,UK,19,12,2024,1134,7116.92,7.01,78.6
664,Manchester,,UK,19,10,2025,4966,25131.23,7.5,96.6
665,Manchester,,UK,19,7,2025,4164,25332.65,8.44,92.0
666,Manchester,,UK,19,9,2025,2969,23054.28,7.71,78.2
667,Manchester,,UK,19,12,2025,3570,14653.78,6.36,75.4
668,Manchester,,UK,19,3,2025,2949,34775.89,7.16,98.9
669,Manchester,,UK,19,8,2025,6607,68421.31,7.31,69.3
670,Manchester,,UK,4,5,2024,3733,33584.86,7.96,89.4
671,Manchester,,UK,4,8,2024,4709,52976.44,8.02,79.0
672,Manchester,,UK,4,4,2024,5512,38917.95,7.32,79.7
673,Manchester,,UK,4,9,2024,1765,10538.16,6.89,105.9
674,Manchester,,UK,4,10,2024,3975,38744.29,6.79,107.9
675,Manchester,,UK,4,6,2024,3517,14219.96,6.79,82.0
676,Manchester,,UK,4,4,2025,3121,35058.99,6.27,94.2
677,Manchester,,UK,4,12,2025,7602,68690.6,6.57,111.2
678,Manchester,,UK,4,9,2025,3909,45609.07,7.36,70.1
679,Manchester,,UK,4,3,2025,7166,62735.65,7.58,110.5
680,Manchester,,UK,12,1,2024,7831,33619.51,6.82,102.3
681,Manchester,,UK,12,4,2024,7554,35448.3,6.98,69.4
682,Manchester,,UK,12,5,2024,1793,18553.06,8.15,100.2
683,Manchester,,UK,12,2,2024,6778,47965.97,7.37,70.7
684,Manchester,,UK,12,11,2024,4506,51932.0,8.28,65.7
685,Manchester,,UK,12,9,2025,7405,36308.84,6.27,91.8
686,Manchester,,UK,12,2,2025,6183,56478.64,6.45,88.0
687,Manchester,,UK,12,4,2025,4959,22267.22,7.79,97.4
688,Manchester,,UK,12,3,2025,4607,27059.64,6.35,103.1
689,Manchester,,UK,12,11,2025,5433,60443.42,7.53,84.2
690,Manchester,,UK,12,1,2025,6307,54688.05,7.55,91.7
691,Manchester,,UK,38,11,2024,4794,29460.32,7.98,112.0
692,Manchester,,UK,38,1,2024,7033,72675.3,6.83,110.7
693,Manchester,,UK,38,9,2024,5630,58239.56,6.24,106.4
694,Manchester,,UK,38,6,2024,4465,47585.67,8.37,75.4
695,Manchester,,UK,38,8,2025,7627,75361.92,8.22,101.0
696,Manchester,,UK,38,11,2025,3359,26719.85,8.06,97.1
697,Manchester,,UK,38,6,2025,7705,63014.99,7.29,109.6
698,Manchester,,UK,38,2,2025,5004,30453.07,6.36,69.5
699,Manchester,,UK,38,3,2025,1007,10948.67,7.74,65.8
700,Manchester,,UK,25,2,2024,2315,11086.83,6.55,102.0
701,Manchester,,UK,25,11,2024,5673,38486.94,7.94,96.3
702,Manchester,,UK,25,1,2024,3625,22845.31,7.61,75.2
703,Manchester,,UK,25,12,2024,1915,16493.22,6.37,74.8
704,Manchester,,UK,25,6,2024,769,6149.44,7.66,80.5
705,Manchester,,UK,25,4,2024,7805,65522.11,6.48,77.2
706,Manchester,,UK,25,5,2025,4934,42016.76,6.13,78.5
707,Manchester,,UK,25,10,2025,3836,42281.37,8.4,71.9
708,Manchester,,UK,25,9,2025,7892,58857.44,7.66,103.1
709,Manchester,,UK,23,12,2024,1920,10175.16,7.84,78.6
710,Manchester,,UK,23,6,2024,4049,21440.2,6.61,105.6
711,Manchester,,UK,23,10,2024,5414,39748.29,7.1,95.3
712,Manchester,,UK,23,6,2025,761,5290.9,7.29,68.4
713,Manchester,,UK,23,12,2025,5813,25034.4,6.57,67.0
714,Manchester,,UK,23,5,2025,6585,59481.54,6.83,101.5
715,Manchester,,UK,23,2,2025,6565,71197.14,6.28,77.7
716,Manchester,,UK,23,4,2025,2594,16585.87,7.97,104.6
717,Manchester,,UK,23,9,2025,6409,38506.42,8.4,98.2
718,Toronto,ON,Canada,22,10,2024,7171,47978.5,7.27,80.7
719,Toronto,ON,Canada,22,1,2024,3931,41600.54,6.3,93.2
720,Toronto,ON,Canada,22,8,2024,7381,39697.67,6.23,95.3
721,Toronto,ON,Canada,22,4,2024,5808,50034.98,7.58,79.8
722,Toronto,ON,Canada,22,2,2025,1624,10469.53,8.4,70.6
723,Toronto,ON,Canada,22,3,2025,7608,60494.84,7.94,66.5
724,Toronto,ON,Canada,22,8,2025,4668,43833.42,7.39,74.9
725,Toronto,ON,Canada,48,8,2024,2991,35721.41,7.54,82.7
726,Toronto,ON,Canada,48,5,2024,1979,13566.23,8.39,88.7
727,Toronto,ON,Canada,48,6,2024,4194,35332.04,7.67,114.1
728,Toronto,ON,Canada,48,2,2025,4209,23741.36,8.22,87.2
729,Toronto,ON,Canada,48,11,2025,3611,26921.64,6.79,91.3
730,Toronto,ON,Canada,48,9,2025,4199,18624.54,6.42,79.4
731,Toronto,ON,Canada,48,7,2025,1032,10537.38,8.01,82.8
732,Toronto,ON,Canada,25,6,2024,6061,59229.09,7.35,87.0
733,Toronto,ON,Canada,25,2,2024,2292,26290.92,7.73,110.5
734,Toronto,ON,Canada,25,8,2024,937,6043.45,6.47,70.0
735,Toronto,ON,Canada,25,2,2025,7960,65095.14,7.5,76.0
736,Toronto,ON,Canada,25,10,2025,7348,38323.96,7.11,71.6
737,Toronto,ON,Canada,25,11,2025,1664,10558.01,6.49,101.9
738,Toronto,ON,Canada,25,9,2025,1667,7428.21,7.56,86.9
739,Toronto,ON,Canada,8,3,2024,6893,64467.38,6.85,111.7
740,Toronto,ON,Canada,8,4,2024,7065,83362.45,8.47,76.2
741,Toronto,ON,Canada,8,1,2024,1706,14285.3,6.71,114.7
742,Toronto,ON,Canada,8,12,2024,2704,16832.33,8.21,110.5
743,Toronto,ON,Canada,8,4,2025,7628,63708.69,6.7,87.4
744,Toronto,ON,Canada,8,11,2025,3430,35573.2,6.84,91.4
745,Toronto,ON,Canada,8,8,2025,872,8660.91,6.89,108.3
746,Toronto,ON,Canada,13,10,2024,5545,64345.32,6.57,100.1
747,Toronto,ON,Canada,13,11,2024,4751,49234.36,7.76,74.8
748,Toronto,ON,Canada,13,5,2024,6997,77807.24,7.83,82.5
749,Toronto,ON,Canada,13,12,2024,7930,64581.31,7.66,108.4
750,Toronto,ON,Canada,13,4,2025,4639,22560.42,7.04,112.3
751,Toronto,ON,Canada,13,3,2025,7138,51149.22,6.94,79.3
752,Toronto,ON,Canada,13,1,2025,3666,29752.99,6.14,87.9
753,Toronto,ON,Canada,13,2,2025,4114,19369.72,6.32,68.2
754,Toronto,ON,Canada,24,8,2024,1991,10633.46,8.05,78.1
755,Toronto,ON,Canada,24,11,2024,5574,52791.4,6.49,113.7
756,Toronto,ON,Canada,24,1,2024,7340,42810.03,7.87,98.2
757,Toronto,ON,Canada,24,5,2024,7007,81666.83,8.15,114.6
758,Toronto,ON,Canada,24,10,2024,7707,53525.57,6.92,84.1
759,Toronto,ON,Canada,24,2,2025,4235,49083.11,8.37,92.8
760,Toronto,ON,Canada,24,6,2025,4887,36809.65,6.85,97.8
761,Toronto,ON,Canada,24,8,2025,3909,22020.43,6.01,74.4
762,Toronto,ON,Canada,24,4,2025,3585,15112.37,8.15,74.7
763,Toronto,ON,Canada,20,7,2024,1619,7788.31,6.55,87.9
764,Toronto,ON,Canada,20,8,2024,3208,26361.33,6.11,65.8
765,Toronto,ON,Canada,20,1,2024,2500,27349.36,6.83,86.7
766,Toronto,ON,Canada,20,3,2025,1581,7639.09,8.48,70.5
767,Toronto,ON,Canada,20,10,2025,5201,38196.02,7.32,101.7
768,Toronto,ON,Canada,20,7,2025,4389,51890.07,6.21,78.9
769,Toronto,ON,Canada,20,6,2025,4755,41831.99,6.27,100.0
770,Toronto,ON,Canada,47,9,2024,7445,54620.16,6.53,101.4
771,Toronto,ON,Canada,47,7,2024,7418,60480.68,6.52,111.8
772,Toronto,ON,Canada,47,1,2024,4750,36203.72,6.68,104.9
773,Toronto,ON,Canada,47,11,2024,3611,28026.78,7.25,68.7
774,Toronto,ON,Canada,47,3,2024,747,8126.04,8.18,99.0
775,Toronto,ON,Canada,47,8,2024,2486,22929.03,8.38,102.8
776,Toronto,ON,Canada,47,8,2025,1977,15522.59,6.91,69.3
777,Toronto,ON,Canada,47,11,2025,5446,62481.29,6.93,72.5
778,Toronto,ON,Canada,47,7,2025,3134,29975.66,7.41,110.1
779,Toronto,ON,Canada,42,6,2024,6963,32966.82,6.07,110.2
780,Toronto,ON,Canada,42,9,2024,2428,18030.77,8.0,88.4
781,Toronto,ON,Canada,42,3,2024,3181,13757.5,8.37,92.1
782,Toronto,ON,Canada,42,4,2025,6108,68343.5,8.34,103.6
783,Toronto,ON,Canada,42,12,2025,2173,14718.57,6.18,91.0
784,Toronto,ON,Canada,42,8,2025,5548,40207.25,7.8,88.6
785,Toronto,ON,Canada,42,10,2025,5758,46648.79,7.29,91.1
786,Toronto,ON,Canada,42,9,2025,4930,47338.13,8.21,97.7
787,Toronto,ON,Canada,42,7,2025,3492,38473.48,7.19,76.5
788,Sydney,NSW,Australia,45,3,2024,5447,43600.41,7.07,87.6
789,Sydney,NSW,Australia,45,2,2024,1933,15408.25,6.08,108.9
790,Sydney,NSW,Australia,45,11,2024,5903,50144.98,6.42,72.6
791,Sydney,NSW,Australia,45,4,2024,6809,36669.54,6.2,112.9
792,Sydney,NSW,Australia,45,8,2024,5329,49996.91,7.62,94.0
793,Sydney,NSW,Australia,45,12,2024,659,7834.58,6.15,66.4
794,Sydney,NSW,Australia,45,9,2025,1280,10887.79,8.4,109.8
795,Sydney,NSW,Australia,45,1,2025,5678,41037.67,8.33,75.4
796,Sydney,NSW,Australia,45,2,2025,983,7438.22,6.42,106.5
797,Sydney,NSW,Australia,45,3,2025,7006,60890.73,7.45,96.4
798,Sydney,NSW,Australia,10,8,2024,2362,12453.59,8.0,68.6
799,Sydney,NSW,Australia,10,5,2024,1741,18605.01,7.32,108.4
800,Sydney,NSW,Australia,10,1,2024,7787,33777.16,8.12,99.9
801,Sydney,NSW,Australia,10,4,2024,7010,42692.11,8.13,67.0
802,Sydney,NSW,Australia,10,6,2025,3654,21029.22,6.51,71.2
803,Sydney,NSW,Australia,10,2,2025,2437,14296.09,8.44,95.2
804,Sydney,NSW,Australia,10,12,2025,7279,71873.48,7.42,100.0
805,Sydney,NSW,Australia,13,4,2024,2176,14098.09,7.99,73.5
806,Sydney,NSW,Australia,13,12,2024,5199,49966.37,7.44,69.7
807,Sydney,NSW,Australia,13,1,2024,5920,62709.53,7.87,76.2
808,Sydney,NSW,Australia,13,7,2025,3853,24470.35,7.75,108.9
809,Sydney,NSW,Australia,13,6,2025,6678,49222.11,6.9,94.6
810,Sydney,NSW,Australia,13,1,2025,556,3090.72,6.54,107.6
811,Sydney,NSW,Australia,13,5,2025,2791,13944.96,6.79,82.1
812,Sydney,NSW,Australia,13,9,2025,3014,23351.78,6.61,89.0
813,Sydney,NSW,Australia,17,5,2024,2115,18339.96,6.39,94.9
814,Sydney,NSW,Australia,17,11,2024,3606,39179.93,6.14,73.6
815,Sydney,NSW,Australia,17,4,2024,5806,60128.89,7.06,72.7
816,Sydney,NSW,Australia,17,3,2024,6908,28132.57,7.14,103.1
817,Sydney,NSW,Australia,17,8,2024,4381,44256.45,7.43,66.3
818,Sydney,NSW,Australia,17,2,2024,5074,27971.7,6.7,88.1
819,Sydney,NSW,Australia,17,5,2025,5317,56775.53,6.11,87.1
820,Sydney,NSW,Australia,17,2,2025,1832,16231.0,7.21,70.0
821,Sydney,NSW,Australia,17,8,2025,4438,21717.21,7.72,85.9
822,Sydney,NSW,Australia,17,12,2025,1688,16515.69,6.14,105.4
823,Sydney,NSW,Australia,7,4,2024,7114,56387.6,8.03,113.9
824,Sydney,NSW,Australia,7,8,2024,1585,6900.33,6.91,93.0
825,Sydney,NSW,Australia,7,6,2024,4045,32464.67,6.85,89.2
826,Sydney,NSW,Australia,7,2,2024,4143,35505.24,6.19,108.9
827,Sydney,NSW,Australia,7,11,2024,7204,67150.32,7.19,107.9
828,Sydney,NSW,Australia,7,6,2025,6901,54126.81,7.17,86.5
829,Sydney,NSW,Australia,7,4,2025,3610,32229.31,8.14,101.2
830,Sydney,NSW,Australia,7,2,2025,3375,34699.21,6.21,68.0
831,Sydney,NSW,Australia,7,7,2025,6986,58737.76,8.32,72.4
832,Sydney,NSW,Australia,7,3,2025,4061,30986.91,6.37,77.0
833,Sydney,NSW,Australia,7,12,2025,3828,39854.45,8.36,93.0
834,Sydney,NSW,Australia,46,3,2024,3012,28748.04,7.02,105.6
835,Sydney,NSW,Australia,46,9,2024,3096,33558.3,6.68,108.1
836,Sydney,NSW,Australia,46,10,2024,7115,72159.12,7.83,80.9
837,Sydney,NSW,Australia,46,9,2025,1264,9507.68,8.43,94.6
838,Sydney,NSW,Australia,46,4,2025,3457,22305.5,7.6,110.0
839,Sydney,NSW,Australia,46,10,2025,6278,73876.7,7.52,87.0
840,Sydney,NSW,Australia,46,12,2025,2257,18176.04,8.49,81.1
841,Sydney,NSW,Australia,46,3,2025,5795,33392.81,8.42,85.6
842,Sydney,NSW,Australia,48,5,2024,6740,53073.31,7.97,65.6
843,Sydney,NSW,Australia,48,10,2024,5061,39429.78,7.26,110.4
844,Sydney,NSW,Australia,48,4,2024,7864,58487.31,8.46,92.4
845,Sydney,NSW,Australia,48,8,2024,2164,25294.71,7.28,112.1
846,Sydney,NSW,Australia,48,12,2024,2715,12994.0,8.1,94.0
847,Sydney,NSW,Australia,48,12,2025,6252,62273.51,8.12,106.8
848,Sydney,NSW,Australia,48,6,2025,7805,68069.58,7.4,92.8
849,Sydney,NSW,Australia,48,8,2025,3760,36611.97,7.89,81.8
850,Sydney,NSW,Australia,38,9,2024,6351,38548.8,7.01,105.3
851,Sydney,NSW,Australia,38,7,2024,7168,60159.51,7.4,93.7
852,Sydney,NSW,Australia,38,3,2024,2180,23811.4,7.78,105.0
853,Sydney,NSW,Australia,38,7,2025,5654,30144.3,7.59,99.5
854,Sydney,NSW,Australia,38,2,2025,7627,44902.94,6.28,67.3
855,Sydney,NSW,Australia,38,8,2025,907,4288.22,6.05,103.4
856,Sydney,NSW,Australia,38,10,2025,2780,12847.89,6.79,103.0
857,Sydney,NSW,Australia,38,3,2025,1609,10260.42,6.71,112.1
858,Sydney,NSW,Australia,38,1,2025,500,2107.36,8.47,66.6
859,Sydney,NSW,Australia,14,3,2024,1731,10032.48,8.03,82.6
860,Sydney,NSW,Australia,14,12,2024,7805,90200.97,7.47,97.9
861,Sydney,NSW,Australia,14,5,2024,661,5490.54,6.8,93.1
862,Sydney,NSW,Australia,14,8,2024,7134,31870.67,6.5,84.9
863,Sydney,NSW,Australia,14,11,2024,5155,48732.63,7.51,79.3
864,Sydney,NSW,Australia,14,9,2024,2142,14231.36,7.45,81.8
865,Sydney,NSW,Australia,14,5,2025,5978,68494.37,7.33,87.4
866,Sydney,NSW,Australia,14,3,2025,3539,27233.42,8.46,65.2
867,Sydney,NSW,Australia,14,11,2025,1459,15232.7,8.06,112.5
868,Sydney,NSW,Australia,14,7,2025,533,5709.37,7.26,110.4
869,Sydney,NSW,Australia,14,1,2025,4245,47766.38,7.5,94.0
870,Sydney,NSW,Australia,14,9,2025,5758,27046.92,6.11,83.6
871,Sydney,NSW,Australia,37,9,2024,4649,44697.65,8.11,109.4
872,Sydney,NSW,Australia,37,12,2024,6787,68136.38,7.87,98.0
873,Sydney,NSW,Australia,37,11,2024,2028,10768.55,8.38,105.3
874,Sydney,NSW,Australia,37,3,2024,4653,42582.86,8.26,78.8
875,Sydney,NSW,Australia,37,6,2024,4020,27013.43,7.29,103.4
876,Sydney,NSW,Australia,37,6,2025,4906,32532.7,6.85,71.9
877,Sydney,NSW,Australia,37,8,2025,4312,21786.83,6.66,84.6
878,Sydney,NSW,Australia,37,4,2025,4392,40208.32,7.17,108.6
879,Sydney,NSW,Australia,37,2,2025,1923,10587.07,6.48,109.2
880,Sydney,NSW,Australia,37,10,2025,3602,30321.14,7.4,100.0
881,Sydney,NSW,Australia,37,9,2025,4844,21776.42,7.83,100.3
882,Sydney,NSW,Australia,49,1,2024,7928,88973.08,6.13,71.6
883,Sydney,NSW,Australia,49,8,2024,1231,9490.57,7.83,97.0
884,Sydney,NSW,Australia,49,10,2024,4917,52216.48,6.97,72.2
885,Sydney,NSW,Australia,49,5,2024,4244,37015.17,7.79,105.6
886,Sydney,NSW,Australia,49,11,2024,5107,49932.42,6.63,71.2
887,Sydney,NSW,Australia,49,2,2024,1857,8113.41,6.72,97.8
888,Sydney,NSW,Australia,49,11,2025,4843,31930.54,7.49,66.0
889,Sydney,NSW,Australia,49,1,2025,1454,10095.68,6.26,81.3
890,Sydney,NSW,Australia,49,5,2025,2550,11674.87,6.31,106.7
891,Sydney,NSW,Australia,49,4,2025,7657,41457.49,8.48,103.6
892,Sydney,NSW,Australia,49,7,2025,5548,32961.19,8.08,80.3
893,Sydney,NSW,Australia,49,9,2025,6088,61204.0,7.87,98.8
894,Sydney,NSW,Australia,6,6,2024,4148,47433.53,7.34,111.8
895,Sydney,NSW,Australia,6,11,2024,4945,26366.58,8.01,66.8
896,Sydney,NSW,Australia,6,10,2024,4431,47727.84,7.78,111.1
897,Sydney,NSW,Australia,6,9,2024,1755,14758.72,8.17,99.5
898,Sydney,NSW,Australia,6,7,2024,6688,64893.83,7.67,90.4
899,Sydney,NSW,Australia,6,1,2024,4370,20535.39,7.97,67.6
900,Sydney,NSW,Australia,6,11,2025,879,8141.72,8.17,108.0
901,Sydney,NSW,Australia,6,12,2025,3184,30137.72,6.2,87.5
902,Sydney,NSW,Australia,6,5,2025,808,6294.04,6.0,85.6
903,Sydney,NSW,Australia,40,3,2024,4933,45640.41,6.48,69.0
904,Sydney,NSW,Australia,40,5,2024,3035,35847.13,6.93,80.5
905,Sydney,NSW,Australia,40,9,2024,2411,23233.06,6.53,108.1
906,Sydney,NSW,Australia,40,4,2024,5370,35561.11,7.8,94.4
907,Sydney,NSW,Australia,40,11,2024,1747,7167.17,8.36,76.3
908,Sydney,NSW,Australia,40,10,2025,4823,30334.66,8.24,109.1
909,Sydney,NSW,Australia,40,9,2025,605,5982.02,7.75,82.9
910,Sydney,NSW,Australia,40,7,2025,5944,63155.61,6.34,92.2
911,Sydney,NSW,Australia,40,5,2025,1857,14570.97,6.75,96.8
912,Sydney,NSW,Australia,40,12,2025,7792,45138.72,6.47,108.7
913,Sydney,NSW,Australia,27,6,2024,5782,27585.53,6.82,103.1
914,Sydney,NSW,Australia,27,10,2024,6294,26787.63,8.23,91.1
915,Sydney,NSW,Australia,27,11,2024,7732,77454.13,8.19,67.6
916,Sydney,NSW,Australia,27,12,2024,6724,47898.07,7.7,94.9
917,Sydney,NSW,Australia,27,12,2025,7270,35356.79,7.66,102.7
918,Sydney,NSW,Australia,27,2,2025,7473,84114.41,7.09,108.9
919,Sydney,NSW,Australia,27,10,2025,7290,79936.58,7.31,67.3
920,Sydney,NSW,Australia,27,11,2025,3352,23899.34,6.93,70.8
921,Sydney,NSW,Australia,27,3,2025,5364,49613.81,7.77,97.6
922,Sydney,NSW,Australia,27,1,2025,6537,78399.43,6.58,105.6
923,Sydney,NSW,Australia,33,1,2024,1656,6814.96,6.43,108.6
924,Sydney,NSW,Australia,33,10,2024,6941,31455.98,6.82,73.1
925,Sydney,NSW,Australia,33,8,2024,5387,45808.27,7.68,89.0
926,Sydney,NSW,Australia,33,12,2024,3357,23181.42,8.29,77.5
927,Sydney,NSW,Australia,33,5,2024,6000,49625.29,6.15,75.5
928,Sydney,NSW,Australia,33,11,2024,5592,48860.56,8.26,107.2
929,Sydney,NSW,Australia,33,8,2025,6216,67505.44,8.39,66.0
930,Sydney,NSW,Australia,33,3,2025,3831,26410.36,7.57,108.9
931,Sydney,NSW,Australia,33,6,2025,544,2235.75,7.46,66.9
932,Sydney,NSW,Australia,33,2,2025,5550,22368.44,6.76,96.4
933,Sydney,NSW,Australia,33,11,2025,4945,23103.12,6.76,75.7
934,Melbourne,VIC,Australia,17,2,2024,5809,31660.71,8.11,65.3
935,Melbourne,VIC,Australia,17,3,2024,1340,5845.1,7.23,110.9
936,Melbourne,VIC,Australia,17,8,2024,6102,24860.19,8.07,99.4
937,Melbourne,VIC,Australia,17,12,2025,4954,56571.04,7.15,83.7
938,Melbourne,VIC,Australia,17,6,2025,1798,8549.21,7.44,67.8
939,Melbourne,VIC,Australia,17,7,2025,3788,33261.6,6.34,68.3
940,Melbourne,VIC,Australia,17,9,2025,5416,42491.68,8.21,67.1
941,Melbourne,VIC,Australia,8,3,2024,5035,54080.24,8.38,65.3
942,Melbourne,VIC,Australia,8,4,2024,2083,8879.49,7.7,104.9
943,Melbourne,VIC,Australia,8,9,2024,1195,5227.11,8.12,87.4
944,Melbourne,VIC,Australia,8,8,2024,2850,17079.62,6.11,97.5
945,Melbourne,VIC,Australia,8,7,2025,714,5195.92,6.48,108.0
946,Melbourne,VIC,Australia,8,1,2025,2576,14915.43,6.65,87.5
947,Melbourne,VIC,Australia,8,12,2025,3025,34698.69,8.11,82.3
948,Melbourne,VIC,Australia,21,9,2024,852,9252.08,7.11,79.1
949,Melbourne,VIC,Australia,21,3,2024,1994,17898.9,8.45,94.1
950,Melbourne,VIC,Australia,21,8,2024,5289,39218.79,7.29,104.4
951,Melbourne,VIC,Australia,21,4,2024,1575,10544.96,8.14,98.1
952,Melbourne,VIC,Australia,21,5,2024,755,3865.73,6.95,71.6
953,Melbourne,VIC,Australia,21,12,2024,3683,21690.13,6.02,81.9
954,Melbourne,VIC,Australia,21,4,2025,5368,56645.44,8.48,105.0
955,Melbourne,VIC,Australia,21,12,2025,7692,86893.59,7.05,97.6
956,Melbourne,VIC,Australia,21,10,2025,4433,45412.92,7.77,110.0
957,Melbourne,VIC,Australia,21,2,2025,1629,9834.61,7.39,110.7
958,Melbourne,VIC,Australia,7,9,2024,6964,82850.72,6.48,105.1
959,Melbourne,VIC,Australia,7,3,2024,7932,67730.47,7.15,99.9
960,Melbourne,VIC,Australia,7,4,2024,1276,5738.17,6.34,96.5
961,Melbourne,VIC,Australia,7,2,2024,6360,35231.11,6.87,82.6
962,Melbourne,VIC,Australia,7,5,2025,3033,24048.4,7.57,102.1
963,Melbourne,VIC,Australia,7,10,2025,2834,13686.38,7.14,111.6
964,Melbourne,VIC,Australia,7,7,2025,2357,27904.38,7.65,95.5
965,Melbourne,VIC,Australia,7,12,2025,1244,13825.75,7.65,70.8
966,Melbourne,VIC,Australia,7,11,2025,4510,45869.21,6.42,80.8
967,Melbourne,VIC,Australia,7,9,2025,5227,39736.47,6.63,96.9
968,Melbourne,VIC,Australia,15,4,2024,3575,41520.45,6.25,79.5
969,Melbourne,VIC,Australia,15,12,2024,3102,19882.7,7.07,101.9
970,Melbourne,VIC,Australia,15,11,2024,3636,33363.22,7.24,69.7
971,Melbourne,VIC,Australia,15,10,2025,6243,35176.3,6.04,77.8
972,Melbourne,VIC,Australia,15,6,2025,1029,6613.15,6.95,103.6
973,Melbourne,VIC,Australia,15,8,2025,1868,16895.41,7.46,66.7
974,Melbourne,VIC,Australia,15,4,2025,3293,15184.99,8.13,78.9
975,Melbourne,VIC,Australia,25,6,2024,2637,28222.13,6.14,89.9
976,Melbourne,VIC,Australia,25,12,2024,736,7315.43,6.21,103.0
977,Melbourne,VIC,Australia,25,3,2024,2534,13590.7,7.03,77.9
978,Melbourne,VIC,Australia,25,7,2024,2354,21241.49,8.28,102.0
979,Melbourne,VIC,Australia,25,4,2024,6247,41482.54,8.38,69.3
980,Melbourne,VIC,Australia,25,10,2024,5274,38449.88,7.06,93.4
981,Melbourne,VIC,Australia,25,5,2025,1582,9635.74,6.85,69.0
982,Melbourne,VIC,Australia,25,10,2025,3782,17456.78,6.27,74.1
983,Melbourne,VIC,Australia,25,9,2025,7659,47628.87,6.28,113.2
984,Melbourne,VIC,Australia,46,2,2024,6461,54923.78,6.04,67.5
985,Melbourne,VIC,Australia,46,12,2024,6023,57618.07,8.09,97.2
986,Melbourne,VIC,Australia,46,9,2024,2095,10297.41,6.24,71.4
987,Melbourne,VIC,Australia,46,6,2024,5259,42817.66,7.39,112.2
988,Melbourne,VIC,Australia,46,7,2024,3923,42308.69,7.59,76.8
989,Melbourne,VIC,Australia,46,11,2024,1337,6198.68,7.86,101.4
990,Melbourne,VIC,Australia,46,5,2025,5210,29363.95,6.34,94.7
991,Melbourne,VIC,Australia,46,7,2025,2073,8934.27,6.09,86.6
992,Melbourne,VIC,Australia,46,2,2025,5858,47823.23,6.87,72.1
993,Melbourne,VIC,Australia,46,10,2025,5099,52572.21,6.57,65.3
994,Melbourne,VIC,Australia,10,7,2024,5033,43600.24,7.04,80.9
995,Melbourne,VIC,Australia,10,4,2024,5814,66544.15,7.66,69.4
996,Melbourne,VIC,Australia,10,5,2024,4079,41027.59,7.7,99.3
997,Melbourne,VIC,Australia,10,9,2024,5685,55883.3,6.2,93.5
998,Melbourne,VIC,Australia,10,2,2024,6178,54269.88,7.37,113.0
999,Melbourne,VIC,Australia,10,2,2025,6590,55595.9,7.57,73.7
1000,Melbourne,VIC,Australia,10,3,2025,4264,50153.44,6.54,105.9
1001,Melbourne,VIC,Australia,10,1,2025,2140,15096.18,7.64,85.7
1002,Melbourne,VIC,Australia,10,4,2025,5713,49705.38,6.93,82.6
1003,Melbourne,VIC,Australia,20,3,2024,1834,20365.41,7.12,65.4
1004,Melbourne,VIC,Australia,20,1,2024,5775,42579.82,6.76,81.1
1005,Melbourne,VIC,Australia,20,10,2024,6601,50163.66,8.23,70.6
1006,Melbourne,VIC,Australia,20,6,2024,3921,36718.1,7.93,107.3
1007,Melbourne,VIC,Australia,20,12,2024,7894,87629.51,8.09,90.2
1008,Melbourne,VIC,Australia,20,9,2025,7014,75757.24,6.89,112.1
1009,Melbourne,VIC,Australia,20,5,2025,5345,33379.8,6.16,70.7
1010,Melbourne,VIC,Australia,20,10,2025,4812,33849.66,8.11,82.3
1011,Melbourne,VIC,Australia,20,2,2025,3405,19620.39,8.11,98.7
1012,Melbourne,VIC,Australia,20,7,2025,5455,44084.84,7.41,103.9
1013,Melbourne,VIC,Australia,3,4,2024,2195,11262.42,7.26,78.5
1014,Melbourne,VIC,Australia,3,1,2024,6310,75009.98,7.45,105.7
1015,Melbourne,VIC,Australia,3,9,2024,568,2569.5,7.5,80.9
1016,Melbourne,VIC,Australia,3,3,2025,2117,22605.11,7.73,73.0
1017,Melbourne,VIC,Australia,3,12,2025,6017,24274.03,8.35,78.8
1018,Melbourne,VIC,Australia,3,2,2025,4611,49770.63,7.16,104.7
1019,Melbourne,VIC,Australia,3,9,2025,2037,18951.66,6.67,96.9
1020,Melbourne,VIC,Australia,3,5,2025,1509,14108.21,6.14,88.2
1021,Melbourne,VIC,Australia,13,10,2024,7919,75743.44,7.23,83.7
1022,Melbourne,VIC,Australia,13,11,2024,4247,35364.11,7.57,68.0
1023,Melbourne,VIC,Australia,13,1,2024,7800,58880.33,6.99,85.8
1024,Melbourne,VIC,Australia,13,3,2024,2916,17486.86,7.51,82.8
1025,Melbourne,VIC,Australia,13,6,2024,3584,31332.87,6.78,114.5
1026,Melbourne,VIC,Australia,13,5,2025,4696,46558.17,7.54,105.5
1027,Melbourne,VIC,Australia,13,3,2025,7630,88710.08,7.52,111.1
1028,Melbourne,VIC,Australia,13,8,2025,6107,46705.06,6.83,109.7
1029,Melbourne,VIC,Australia,13,1,2025,903,6751.58,8.5,82.9
1030,Melbourne,VIC,Australia,13,2,2025,1705,14489.38,6.66,83.0
1031,Melbourne,VIC,Australia,13,6,2025,2329,14595.29,6.08,92.6
1032,Melbourne,VIC,Australia,28,12,2024,7786,72207.06,6.13,67.6
1033,Melbourne,VIC,Australia,28,8,2024,3539,24008.39,6.53,97.3
1034,Melbourne,VIC,Australia,28,4,2024,4350,23919.15,6.5,104.7
1035,Melbourne,VIC,Australia,28,1,2024,3885,41913.35,7.26,84.3
1036,Melbourne,VIC,Australia,28,5,2024,6387,64821.72,8.38,113.5
1037,Melbourne,VIC,Australia,28,7,2024,4936,24065.48,6.67,71.4
1038,Melbourne,VIC,Australia,28,11,2025,7960,66983.55,6.42,86.7
1039,Melbourne,VIC,Australia,28,4,2025,689,5576.36,7.8,89.0
1040,Melbourne,VIC,Australia,28,7,2025,7277,57920.15,8.31,114.3
1041,Melbourne,VIC,Australia,28,1,2025,2130,18636.42,8.35,78.5
1042,Mumbai,,India,27,1,2024,1761,11691.15,7.23,94.9
1043,Mumbai,,India,27,7,2024,3614,18926.52,6.81,93.3
1044,Mumbai,,India,27,11,2024,879,10453.55,7.91,109.6
1045,Mumbai,,India,27,6,2024,6298,65648.84,7.0,84.5
1046,Mumbai,,India,27,7,2025,6002,66760.84,7.58,96.7
1047,Mumbai,,India,27,11,2025,4092,28322.49,8.22,71.9
1048,Mumbai,,India,27,8,2025,7030,63251.37,7.12,88.4
1049,Mumbai,,India,27,2,2025,3637,30863.63,6.95,103.7
1050,Mumbai,,India,27,6,2025,7022,78558.12,8.01,105.6
1051,Mumbai,,India,27,4,2025,1893,19248.95,7.12,109.1
1052,Mumbai,,India,16,8,2024,1076,12644.57,8.44,80.6
1053,Mumbai,,India,16,3,2024,3289,28377.0,7.17,108.9
1054,Mumbai,,India,16,7,2024,7994,48855.5,6.33,96.5
1055,Mumbai,,India,16,6,2024,1986,9287.42,8.06,95.1
1056,Mumbai,,India,16,7,2025,7745,69687.22,8.04,108.8
1057,Mumbai,,India,16,5,2025,4250,26685.68,7.85,107.1
1058,Mumbai,,India,16,4,2025,5905,37162.99,8.49,94.7
1059,Mumbai,,India,18,6,2024,1341,7235.56,7.4,108.3
1060,Mumbai,,India,18,1,2024,3591,33360.18,7.45,111.7
1061,Mumbai,,India,18,4,2024,1931,19155.68,6.26,99.5
1062,Mumbai,,India,18,12,2025,7402,80786.79,7.44,87.4
1063,Mumbai,,India,18,8,2025,2527,24462.6,8.3,67.8
1064,Mumbai,,India,18,2,2025,5059,25915.94,6.49,88.2
1065,Mumbai,,India,18,1,2025,7325,71053.6,7.36,91.2
1066,Mumbai,,India,18,7,2025,7044,38062.52,6.89,102.8
1067,Mumbai,,India,18,4,2025,4049,34837.98,8.25,96.9
1068,Mumbai,,India,12,11,2024,3326,28905.74,6.24,110.8
1069,Mumbai,,India,12,1,2024,7103,62173.99,7.54,111.1
1070,Mumbai,,India,12,5,2024,6539,76087.99,7.04,69.6
1071,Mumbai,,India,12,4,2025,1338,15688.15,7.26,107.4
1072,Mumbai,,India,12,8,2025,1299,9811.77,6.06,107.3
1073,Mumbai,,India,12,1,2025,3348,35971.0,8.16,90.7
1074,Mumbai,,India,33,12,2024,521,4830.16,6.93,75.9
1075,Mumbai,,India,33,2,2024,4600,25889.85,7.75,102.9
1076,Mumbai,,India,33,3,2024,6051,70945.9,7.36,88.2
1077,Mumbai,,India,33,8,2024,5829,57580.54,8.15,70.5
1078,Mumbai,,India,33,11,2024,6677,58370.88,6.97,99.1
1079,Mumbai,,India,33,9,2025,2936,14693.25,7.16,99.8
1080,Mumbai,,India,33,7,2025,5221,39681.52,7.44,102.6
1081,Mumbai,,India,33,12,2025,2536,29931.19,6.49,108.0
1082,Mumbai,,India,43,12,2024,5165,40962.73,6.24,69.2
1083,Mumbai,,India,43,8,2024,7525,39551.54,7.7,75.3
1084,Mumbai,,India,43,9,2024,4877,23782.79,7.09,71.2
1085,Mumbai,,India,43,8,2025,5116,42022.92,7.43,85.1
1086,Mumbai,,India,43,5,2025,2558,29958.12,7.34,85.6
1087,Mumbai,,India,43,12,2025,2529,15578.38,7.39,94.8
1088,Mumbai,,India,43,2,2025,4145,30210.4,6.23,82.6
1089,Mumbai,,India,43,10,2025,3371,38857.19,6.17,69.3
1090,Mumbai,,India,24,11,2024,7334,76036.8,8.09,106.5
1091,Mumbai,,India,24,12,2024,1206,13744.87,6.9,78.9
1092,Mumbai,,India,24,8,2024,2068,18857.24,8.48,102.0
1093,Mumbai,,India,24,4,2024,1649,19418.56,7.48,100.5
1094,Mumbai,,India,24,2,2024,6193,43932.8,6.29,95.2
1095,Mumbai,,India,24,3,2024,7856,52815.13,7.75,99.0
1096,Mumbai,,India,24,12,2025,6730,77739.27,6.01,110.4
1097,Mumbai,,India,24,9,2025,4733,47235.91,8.12,96.1
1098,Mumbai,,India,24,10,2025,7283,74866.89,8.01,107.5
1099,Mumbai,,India,24,2,2025,6250,58253.67,6.82,87.3
1100,Mumbai,,India,24,4,2025,7121,58527.18,6.66,75.5
1101,Mumbai,,India,15,1,2024,7571,54219.66,6.74,89.4
1102,Mumbai,,India,15,11,2024,1533,12561.81,6.59,95.6
1103,Mumbai,,India,15,7,2024,2255,19900.59,7.77,113.2
1104,Mumbai,,India,15,8,2024,4586,37831.78,7.53,89.1
1105,Mumbai,,India,15,3,2025,6181,58948.94,7.6,75.6
1106,Mumbai,,India,15,5,2025,6579,44025.17,7.17,75.1
1107,Mumbai,,India,15,4,2025,6445,67045.28,6.92,77.1
1108,Mumbai,,India,15,8,2025,4324,40264.96,6.25,99.4
1109,Mumbai,,India,15,12,2025,4689,53302.01,7.7,87.2
1110,Mumbai,,India,15,9,2025,2162,21421.75,8.06,112.5
1111,Mumbai,,India,23,11,2024,3235,25815.31,6.35,93.8
1112,Mumbai,,India,23,12,2024,7402,86952.72,6.57,67.2
1113,Mumbai,,India,23,1,2024,6606,67012.82,8.41,87.5
1114,Mumbai,,India,23,9,2024,1564,7748.31,8.06,88.3
1115,Mumbai,,India,23,11,2025,7266,58905.47,7.28,93.4
1116,Mumbai,,India,23,4,2025,7067,54926.29,7.76,70.9
1117,Mumbai,,India,23,5,2025,3479,36461.32,6.58,71.5
1118,Mumbai,,India,23,6,2025,6078,44120.65,8.28,94.9
1119,Mumbai,,India,23,8,2025,7886,62484.48,7.8,90.6
1120,Mumbai,,India,23,7,2025,7824,80104.7,6.57,109.9
1121,Mumbai,,India,31,5,2024,7366,34894.39,8.18,113.1
1122,Mumbai,,India,31,8,2024,4675,49653.18,6.6,76.0
1123,Mumbai,,India,31,2,2024,1162,13659.24,6.39,110.2
1124,Mumbai,,India,31,1,2024,4333,46241.11,7.61,82.0
1125,Mumbai,,India,31,11,2025,2002,12872.71,7.64,90.4
1126,Mumbai,,India,31,7,2025,2157,15570.31,7.22,87.4
1127,Mumbai,,India,31,10,2025,4943,23277.96,7.85,66.9
1128,Mumbai,,India,31,12,2025,4013,19347.03,7.05,96.7
1129,Mumbai,,India,31,9,2025,6179,44988.39,7.22,93.2
1130,Mumbai,,India,31,6,2025,7686,44526.66,8.43,93.1
1131,Mumbai,,India,20,12,2024,2505,17266.81,7.58,92.5
1132,Mumbai,,India,20,5,2024,5981,43771.11,7.63,69.7
1133,Mumbai,,India,20,6,2024,5114,39929.16,7.3,99.8
1134,Mumbai,,India,20,11,2024,723,7283.1,7.29,113.4
1135,Mumbai,,India,20,3,2024,7788,69671.14,6.41,90.3
1136,Mumbai,,India,20,4,2024,5738,28796.14,6.37,97.4
1137,Mumbai,,India,20,10,2025,1716,11568.13,6.27,109.7
1138,Mumbai,,India,20,1,2025,3317,17003.28,6.94,105.3
1139,Mumbai,,India,20,12,2025,6208,43396.13,6.84,90.5
1140,Mumbai,,India,20,5,2025,6101,42250.04,7.25,112.7
1141,Mumbai,,India,20,8,2025,1565,17624.91,8.23,97.9
1142,Mumbai,,India,28,3,2024,1439,14797.64,6.63,105.1
1143,Mumbai,,India,28,4,2024,7896,85715.91,6.63,67.4
1144,Mumbai,,India,28,9,2024,4884,22904.69,7.16,75.1
1145,Mumbai,,India,28,11,2025,529,3133.4,7.47,104.3
1146,Mumbai,,India,28,6,2025,4615,33803.97,7.51,82.0
1147,Mumbai,,India,28,7,2025,7905,71283.65,6.73,98.4
1148,Mumbai,,India,28,9,2025,7809,36240.52,7.18,100.9
1149,Delhi,,India,11,10,2024,5914,50104.58,6.01,103.8
1150,Delhi,,India,11,3,2024,637,3389.94,6.2,66.4
1151,Delhi,,India,11,9,2024,895,8413.71,6.46,113.3
1152,Delhi,,India,11,7,2024,727,5333.1,7.11,110.7
1153,Delhi,,India,11,5,2024,3585,14373.69,6.98,71.7
1154,Delhi,,India,11,2,2025,6511,34550.45,7.32,73.8
1155,Delhi,,India,11,1,2025,3409,23123.79,6.33,74.0
1156,Delhi,,India,11,10,2025,7753,78456.38,6.07,104.1
1157,Delhi,,India,11,4,2025,4596,26345.02,6.18,113.6
1158,Delhi,,India,11,3,2025,5028,30005.32,7.63,91.5
1159,Delhi,,India,31,6,2024,4413,42757.64,7.54,101.5
1160,Delhi,,India,31,11,2024,1806,19281.47,8.35,82.7
1161,Delhi,,India,31,8,2024,4755,44818.67,8.29,84.9
1162,Delhi,,India,31,9,2024,967,4016.99,6.14,98.2
1163,Delhi,,India,31,7,2024,4727,55575.36,6.51,100.5
1164,Delhi,,India,31,11,2025,4242,22355.83,7.05,111.5
1165,Delhi,,India,31,6,2025,7059,40231.75,7.82,75.1
1166,Delhi,,India,31,1,2025,4457,21815.24,6.12,70.1
1167,Delhi,,India,33,1,2024,3808,25836.8,8.08,112.4
1168,Delhi,,India,33,10,2024,3371,40338.56,6.33,66.6
1169,Delhi,,India,33,3,2024,5871,46207.94,6.38,65.1
1170,Delhi,,India,33,9,2024,1436,12576.08,6.36,103.5
1171,Delhi,,India,33,12,2024,5744,68636.42,7.93,85.9
1172,Delhi,,India,33,5,2025,7901,62763.37,7.23,94.2
1173,Delhi,,India,33,10,2025,7137,75710.19,8.09,87.7
1174,Delhi,,India,33,6,2025,6801,36214.01,8.26,101.6
1175,Delhi,,India,33,12,2025,2427,16431.6,7.71,91.1
1176,Delhi,,India,23,8,2024,6076,60074.12,6.32,108.6
1177,Delhi,,India,23,7,2024,506,3540.66,7.07,114.2
1178,Delhi,,India,23,2,2024,2342,26786.19,7.61,70.3
1179,Delhi,,India,23,2,2025,7384,83060.58,7.16,94.9
1180,Delhi,,India,23,3,2025,4618,21797.76,8.06,99.4
1181,Delhi,,India,23,4,2025,4780,25399.72,6.12,113.2
1182,Delhi,,India,14,12,2024,2660,26786.98,7.14,71.1
1183,Delhi,,India,14,6,2024,1542,6362.99,8.1,77.3
1184,Delhi,,India,14,9,2024,2621,30291.79,6.47,112.7
1185,Delhi,,India,14,8,2024,7406,43523.92,8.06,106.5
1186,Delhi,,India,14,2,2025,5867,45787.66,7.94,65.4
1187,Delhi,,India,14,6,2025,2590,24925.05,7.57,111.5
1188,Delhi,,India,14,9,2025,1854,15773.97,7.3,73.7
1189,Delhi,,India,37,5,2024,1245,11125.92,6.19,77.7
1190,Delhi,,India,37,7,2024,770,8314.09,6.17,89.7
1191,Delhi,,India,37,4,2024,1712,10105.8,7.64,93.4
1192,Delhi,,India,37,10,2024,2324,27706.74,8.03,100.7
1193,Delhi,,India,37,3,2024,5340,60055.7,7.63,98.4
1194,Delhi,,India,37,8,2025,1751,19561.39,6.59,83.7
1195,Delhi,,India,37,11,2025,3991,21424.25,7.15,97.6
1196,Delhi,,India,37,7,2025,5696,42635.29,6.12,113.6
1197,Delhi,,India,34,1,2024,734,5307.07,8.08,73.5
1198,Delhi,,India,34,3,2024,4082,23959.72,7.13,83.6
1199,Delhi,,India,34,2,2024,4765,38629.91,7.56,111.4
1200,Delhi,,India,34,11,2024,4760,30356.32,7.74,113.3
1201,Delhi,,India,34,2,2025,728,5310.8,6.84,97.2
1202,Delhi,,India,34,3,2025,6861,36491.97,8.09,72.6
1203,Delhi,,India,34,7,2025,2302,17904.53,6.16,108.2
1204,Delhi,,India,34,10,2025,4039,40413.65,7.86,97.1
1205,Delhi,,India,34,4,2025,7594,43147.04,8.44,100.1
1206,Delhi,,India,30,7,2024,7261,48905.19,7.64,111.5
1207,Delhi,,India,30,9,2024,3117,28669.64,7.39,67.4
1208,Delhi,,India,30,2,2024,3594,25241.49,7.27,102.9
1209,Delhi,,India,30,8,2024,5370,49466.8,8.12,92.7
1210,Delhi,,India,30,6,2024,3399,14297.69,8.21,83.5
1211,Delhi,,India,30,4,2025,4876,22472.08,7.38,108.2
1212,Delhi,,India,30,9,2025,871,3985.23,7.66,88.4
1213,Delhi,,India,30,7,2025,3350,13537.61,7.34,99.7
1214,Delhi,,India,30,3,2025,5460,37990.32,8.24,98.3
1215,Delhi,,India,30,12,2025,934,6922.84,6.55,74.0
1216,Delhi,,India,30,2,2025,2078,8727.06,7.7,82.0
1217,Delhi,,India,17,6,2024,5346,38658.33,6.72,72.5
1218,Delhi,,India,17,8,2024,5501,62763.11,6.86,98.0
1219,Delhi,,India,17,9,2024,4240,48013.63,6.77,97.6
1220,Delhi,,India,17,2,2024,2169,25150.36,7.17,85.1
1221,Delhi,,India,17,11,2024,6033,54057.37,8.31,67.0
1222,Delhi,,India,17,3,2025,6561,42200.35,8.46,108.4
1223,Delhi,,India,17,5,2025,3988,36712.76,8.18,78.6
1224,Delhi,,India,17,11,2025,4284,44404.82,6.69,96.0
1225,Delhi,,India,17,7,2025,6900,40311.97,7.96,84.3
1226,Delhi,,India,17,12,2025,6953,56008.84,6.66,105.1
1227,Delhi,,India,22,9,2024,7385,78471.21,6.27,79.9
1228,Delhi,,India,22,3,2024,7886,93038.81,6.93,70.2
1229,Delhi,,India,22,2,2024,5100,44292.98,7.1,77.4
1230,Delhi,,India,22,1,2025,3042,26540.72,7.18,105.2
1231,Delhi,,India,22,7,2025,5851,52118.16,6.35,89.8
1232,Delhi,,India,22,12,2025,7050,29365.54,6.51,104.2
1233,Delhi,,India,22,9,2025,6345,56735.6,7.45,87.3
1234,Delhi,,India,22,3,2025,5180,28239.29,6.44,95.6
1235,Delhi,,India,32,12,2024,5380,55480.47,8.17,114.1
1236,Delhi,,India,32,11,2024,6608,45035.0,8.22,102.6
1237,Delhi,,India,32,10,2024,7495,58715.86,6.56,99.0
1238,Delhi,,India,32,9,2024,4380,30567.9,6.08,105.4
1239,Delhi,,India,32,8,2025,6846,81550.23,7.69,84.1
1240,Delhi,,India,32,2,2025,3020,23504.6,8.24,85.4
1241,Delhi,,India,32,9,2025,3089,12548.44,7.77,108.5
1242,Delhi,,India,32,11,2025,7473,75301.24,6.5,97.5
1243,Delhi,,India,45,8,2024,949,8919.92,6.27,93.5
1244,Delhi,,India,45,5,2024,2559,17372.53,6.85,81.7
1245,Delhi,,India,45,11,2024,7397,42246.59,7.04,106.6
1246,Delhi,,India,45,6,2024,4230,26223.4,7.43,113.7
1247,Delhi,,India,45,2,2024,607,4950.54,6.26,84.2
1248,Delhi,,India,45,12,2025,3828,15766.93,6.19,72.2
1249,Delhi,,India,45,6,2025,4364,34903.91,7.92,72.0
1250,Delhi,,India,45,8,2025,7389,37458.11,8.47,77.9
1251,Delhi,,India,45,2,2025,7816,49294.12,6.85,93.8
1252,Delhi,,India,28,3,2024,3026,34587.07,7.3,77.8
1253,Delhi,,India,28,7,2024,6538,72865.58,7.13,73.0
1254,Delhi,,India,28,2,2024,912,6519.62,7.39,99.1
1255,Delhi,,India,28,5,2024,5751,50015.4,7.03,78.8
1256,Delhi,,India,28,12,2024,3638,36957.81,6.87,69.6
1257,Delhi,,India,28,8,2024,6608,33527.84,6.54,79.2
1258,Delhi,,India,28,9,2025,5511,40063.25,6.39,92.7
1259,Delhi,,India,28,3,2025,4037,44284.33,6.95,104.7
1260,Delhi,,India,28,4,2025,2123,15406.5,7.21,90.0
1261,Delhi,,India,28,12,2025,1761,10896.42,7.32,112.8
1262,Delhi,,India,18,11,2024,2126,12679.51,7.2,83.5
1263,Delhi,,India,18,6,2024,5718,62287.55,6.29,68.2
1264,Delhi,,India,18,10,2024,4650,51237.27,8.49,103.5
1265,Delhi,,India,18,5,2024,5324,55576.65,7.71,94.5
1266,Delhi,,India,18,8,2025,2345,11833.32,7.36,92.5
1267,Delhi,,India,18,7,2025,3829,35758.92,6.48,94.4
1268,Delhi,,India,18,11,2025,1986,23738.81,6.28,107.9
1269,Delhi,,India,18,3,2025,5227,30403.42,8.47,89.7
1270,Delhi,,India,18,12,2025,5945,61949.46,8.4,74.4
1271,Delhi,,India,8,5,2024,7245,63842.03,6.98,95.6
1272,Delhi,,India,8,4,2024,2285,16856.79,7.17,92.0
1273,Delhi,,India,8,3,2024,6110,27097.07,6.39,102.0
1274,Delhi,,India,8,10,2025,1891,16371.53,8.15,102.1
1275,Delhi,,India,8,5,2025,4215,25520.32,6.05,92.5
1276,Delhi,,India,8,2,2025,7233,70165.76,7.51,115.0
1277,Berlin,,Germany,38,2,2024,5572,49533.0,6.66,90.4
1278,Berlin,,Germany,38,8,2024,7188,41152.77,6.99,93.6
1279,Berlin,,Germany,38,5,2024,6562,33589.81,6.24,93.6
1280,Berlin,,Germany,38,10,2024,1049,5768.18,7.3,108.8
1281,Berlin,,Germany,38,1,2025,1626,12579.15,7.5,91.9
1282,Berlin,,Germany,38,2,2025,1591,14236.72,8.4,65.7
1283,Berlin,,Germany,38,12,2025,6914,48726.97,6.76,89.6
1284,Berlin,,Germany,12,8,2024,7528,46286.44,7.89,106.3
1285,Berlin,,Germany,12,6,2024,6313,59317.82,6.34,77.6
1286,Berlin,,Germany,12,1,2024,1390,6427.82,6.7,89.7
1287,Berlin,,Germany,12,12,2025,7353,85563.49,7.08,114.9
1288,Berlin,,Germany,12,5,2025,6765,80366.23,7.73,87.7
1289,Berlin,,Germany,12,6,2025,4285,42102.01,6.95,83.9
1290,Berlin,,Germany,12,1,2025,2226,10905.52,7.56,95.5
1291,Berlin,,Germany,12,7,2025,6832,59889.46,7.59,110.0
1292,Berlin,,Germany,12,4,2025,4956,44697.25,6.49,107.8
1293,Berlin,,Germany,26,10,2024,2282,17899.74,7.85,69.8
1294,Berlin,,Germany,26,6,2024,874,8868.78,7.79,65.0
1295,Berlin,,Germany,26,3,2024,2642,26233.46,7.14,71.9
1296,Berlin,,Germany,26,8,2024,7642,42182.32,8.06,76.4
1297,Berlin,,Germany,26,4,2025,5901,56374.43,6.52,103.7
1298,Berlin,,Germany,26,10,2025,6060,54691.31,7.45,113.0
1299,Berlin,,Germany,26,1,2025,962,4654.92,8.41,75.2
1300,Berlin,,Germany,26,11,2025,6912,61127.72,6.87,86.8
1301,Berlin,,Germany,26,8,2025,5247,32729.87,7.76,111.7
1302,Berlin,,Germany,26,9,2025,524,4815.56,7.18,100.3
1303,Berlin,,Germany,45,4,2024,3129,23875.62,6.3,81.4
1304,Berlin,,Germany,45,6,2024,2587,18040.14,7.64,107.3
1305,Berlin,,Germany,45,10,2024,1867,15819.27,7.23,74.2
1306,Berlin,,Germany,45,11,2024,5913,69139.19,7.48,80.4
1307,Berlin,,Germany,45,3,2025,2800,11549.46,6.44,109.5
1308,Berlin,,Germany,45,12,2025,5789,69403.32,8.01,100.6
1309,Berlin,,Germany,45,9,2025,4696,34803.47,6.72,71.0
1310,Berlin,,Germany,45,10,2025,3354,18189.0,7.43,113.4
1311,Berlin,,Germany,45,11,2025,3074,17630.73,7.42,96.6
1312,Berlin,,Germany,45,6,2025,6849,62485.69,7.68,90.6
1313,Berlin,,Germany,20,9,2024,4743,33912.77,7.39,87.7
1314,Berlin,,Germany,20,12,2024,6973,52380.73,6.38,90.8
1315,Berlin,,Germany,20,3,2024,3170,29552.61,8.03,110.5
1316,Berlin,,Germany,20,11,2024,6273,46350.49,6.21,111.1
1317,Berlin,,Germany,20,2,2024,6676,29657.78,7.89,107.2
1318,Berlin,,Germany,20,11,2025,2187,19090.65,6.6,74.0
1319,Berlin,,Germany,20,8,2025,5702,30327.41,8.29,91.2
1320,Berlin,,Germany,20,10,2025,1107,5950.0,7.32,100.5
1321,Berlin,,Germany,20,2,2025,4855,54357.53,6.05,69.8
1322,Berlin,,Germany,20,7,2025,6350,61553.49,7.26,101.1
1323,Berlin,,Germany,40,6,2024,6820,49349.19,8.29,81.8
1324,Berlin,,Germany,40,1,2024,3298,22152.69,8.0,92.7
1325,Berlin,,Germany,40,4,2024,2620,13257.61,7.76,91.3
1326,Berlin,,Germany,40,11,2024,5723,36937.4,8.09,66.1
1327,Berlin,,Germany,40,7,2024,3798,27750.27,7.01,113.4
1328,Berlin,,Germany,40,12,2024,6327,43884.83,6.34,70.5
1329,Berlin,,Germany,40,1,2025,4533,39233.76,7.46,82.7
1330,Berlin,,Germany,40,3,2025,975,10196.08,8.36,110.0
1331,Berlin,,Germany,40,11,2025,7312,49919.66,8.24,100.3
1332,Berlin,,Germany,40,4,2025,1576,17865.2,6.63,104.5
1333,Berlin,,Germany,40,8,2025,5013,35616.4,8.19,88.1
1334,Berlin,,Germany,40,6,2025,5561,29360.4,7.63,65.6
1335,Berlin,,Germany,39,10,2024,7745,38394.97,7.94,65.3
1336,Berlin,,Germany,39,3,2024,5351,50289.39,7.66,112.8
1337,Berlin,,Germany,39,8,2024,1744,14862.06,8.47,104.6
1338,Berlin,,Germany,39,12,2024,1862,8768.31,7.41,110.4
1339,Berlin,,Germany,39,6,2024,1010,9435.46,7.94,86.8
1340,Berlin,,Germany,39,9,2025,7083,69509.03,7.0,77.4
1341,Berlin,,Germany,39,2,2025,3134,12968.48,6.82,84.8
1342,Berlin,,Germany,39,5,2025,7696,90420.81,7.07,114.0
1343,Berlin,,Germany,11,5,2024,6806,52353.21,7.64,111.8
1344,Berlin,,Germany,11,1,2024,3242,15825.95,7.17,104.0
1345,Berlin,,Germany,11,8,2024,2393,26091.37,8.05,97.6
1346,Berlin,,Germany,11,2,2024,6037,35447.66,6.42,110.7
1347,Berlin,,Germany,11,4,2024,3871,25578.51,6.41,92.9
1348,Berlin,,Germany,11,12,2025,2849,29660.49,6.7,84.6
1349,Berlin,,Germany,11,2,2025,3161,32169.75,6.39,74.8
1350,Berlin,,Germany,11,7,2025,1903,15065.81,6.01,105.1
1351,Berlin,,Germany,11,9,2025,2166,10496.06,8.44,99.9
1352,Berlin,,Germany,36,1,2024,1961,21429.84,7.2,89.8
1353,Berlin,,Germany,36,3,2024,1444,6441.97,7.56,86.4
1354,Berlin,,Germany,36,12,2024,5831,47990.31,6.98,106.4
1355,Berlin,,Germany,36,8,2024,6586,33667.59,7.65,106.4
1356,Berlin,,Germany,36,2,2024,6029,32229.39,7.96,72.0
1357,Berlin,,Germany,36,6,2025,5496,54917.37,6.62,73.9
1358,Berlin,,Germany,36,11,2025,4030,22768.46,7.24,96.5
1359,Berlin,,Germany,36,8,2025,1842,15735.02,8.4,105.9
1360,Berlin,,Germany,36,12,2025,5014,41749.14,6.72,82.0
1361,Berlin,,Germany,36,9,2025,1237,5830.74,7.71,85.1
1362,Berlin,,Germany,36,2,2025,4726,33149.0,7.85,108.6
1363,Paris,,France,28,9,2024,3159,20329.97,6.44,109.4
1364,Paris,,France,28,4,2024,6932,39012.8,6.87,70.1
1365,Paris,,France,28,3,2024,7729,65106.01,6.45,112.7
1366,Paris,,France,28,6,2025,3851,35582.14,7.22,94.0
1367,Paris,,France,28,11,2025,1591,7328.78,8.32,78.0
1368,Paris,,France,28,12,2025,7424,47861.84,6.77,87.1
1369,Paris,,France,19,5,2024,4881,38622.52,7.48,92.3
1370,Paris,,France,19,12,2024,1050,6202.23,6.78,93.2
1371,Paris,,France,19,4,2024,7300,40633.71,8.39,97.3
1372,Paris,,France,19,7,2024,7067,68929.77,8.16,85.6
1373,Paris,,France,19,2,2024,5419,64996.33,6.92,93.9
1374,Paris,,France,19,4,2025,3228,18433.54,7.31,107.6
1375,Paris,,France,19,3,2025,2646,29346.82,7.98,83.2
1376,Paris,,France,19,1,2025,905,4915.88,6.66,96.4
1377,Paris,,France,40,11,2024,5238,21118.22,6.51,95.0
1378,Paris,,France,40,5,2024,2949,16017.83,7.81,65.5
1379,Paris,,France,40,3,2024,7416,34326.47,6.11,83.2
1380,Paris,,France,40,4,2024,2366,19590.91,7.24,71.0
1381,Paris,,France,40,9,2024,3201,31338.16,7.01,104.4
1382,Paris,,France,40,8,2024,2402,19476.07,6.53,109.9
1383,Paris,,France,40,7,2025,4357,43471.19,6.05,83.6
1384,Paris,,France,40,6,2025,2163,14081.52,6.74,83.1
1385,Paris,,France,40,3,2025,3281,32997.08,6.15,89.2
1386,Paris,,France,40,11,2025,3107,19267.99,6.61,80.7
1387,Paris,,France,40,12,2025,4437,50893.49,7.96,78.6
1388,Paris,,France,40,9,2025,2915,25139.96,8.25,73.0
1389,Paris,,France,18,2,2024,6951,59280.13,6.49,91.5
1390,Paris,,France,18,1,2024,5211,58740.88,7.71,93.0
1391,Paris,,France,18,9,2024,2653,24672.44,8.46,91.0
1392,Paris,,France,18,7,2025,7421,73781.44,7.08,113.9
1393,Paris,,France,18,8,2025,4759,46735.23,7.37,114.5
1394,Paris,,France,18,4,2025,5966,58646.09,6.35,95.6
1395,Paris,,France,18,9,2025,786,9181.71,6.86,74.3
1396,Paris,,France,18,6,2025,7586,83822.34,8.33,100.6
1397,Paris,,France,12,4,2024,6345,39880.73,6.32,82.4
1398,Paris,,France,12,7,2024,7242,77621.69,6.21,110.1
1399,Paris,,France,12,1,2024,5353,45802.76,8.35,112.5
1400,Paris,,France,12,5,2024,3105,34292.06,6.33,102.4
1401,Paris,,France,12,10,2024,1138,12602.45,6.82,90.1
1402,Paris,,France,12,6,2024,3868,45748.49,6.03,66.6
1403,Paris,,France,12,9,2025,5949,36926.36,6.81,93.3
1404,Paris,,France,12,3,2025,6756,55023.54,6.81,89.2
1405,Paris,,France,12,11,2025,3903,25256.21,7.17,107.5
1406,Paris,,France,12,8,2025,5925,33996.68,6.77,113.2
1407,Paris,,France,2,3,2024,1683,10626.57,7.73,84.8
1408,Paris,,France,2,6,2024,4413,42777.45,7.28,90.0
1409,Paris,,France,2,1,2024,5877,34076.31,7.85,71.3
1410,Paris,,France,2,4,2024,7159,55930.14,6.99,113.6
1411,Paris,,France,2,2,2025,6633,52783.77,8.12,87.8
1412,Paris,,France,2,9,2025,4721,33241.84,6.77,94.0
1413,Paris,,France,2,8,2025,5429,55755.19,7.3,76.4
1414,Paris,,France,2,4,2025,6846,31162.26,6.44,109.6
1415,Paris,,France,2,5,2025,1301,6377.01,7.68,108.8
1416,Paris,,France,10,4,2024,5060,51131.94,6.57,97.4
1417,Paris,,France,10,1,2024,1691,18913.74,8.11,103.3
1418,Paris,,France,10,9,2024,993,10799.08,7.86,101.0
1419,Paris,,France,10,2,2024,3773,43379.04,7.98,111.6
1420,Paris,,France,10,8,2025,522,3775.24,6.45,89.5
1421,Paris,,France,10,9,2025,5679,64344.68,7.48,105.1
1422,Paris,,France,10,10,2025,4067,30176.52,7.45,71.1
1423,Paris,,France,29,9,2024,6489,36464.76,6.67,100.7
1424,Paris,,France,29,8,2024,2492,28246.91,6.33,96.1
1425,Paris,,France,29,1,2024,7528,39386.81,6.77,114.4
1426,Paris,,France,29,10,2024,2498,28812.46,6.19,77.4
1427,Paris,,France,29,2,2024,2307,22044.68,6.88,68.0
1428,Paris,,France,29,4,2024,5008,22974.58,6.18,65.8
1429,Paris,,France,29,11,2025,994,6523.86,8.49,77.4
1430,Paris,,France,29,1,2025,1075,10276.32,6.41,107.2
1431,Paris,,France,29,6,2025,2840,24310.65,7.04,105.5
1432,Paris,,France,34,11,2024,6204,41492.18,7.65,109.3
1433,Paris,,France,34,6,2024,3144,16777.69,8.24,68.4
1434,Paris,,France,34,10,2024,4840,50990.14,7.71,92.3
1435,Paris,,France,34,4,2024,7738,66848.91,6.79,79.8
1436,Paris,,France,34,7,2024,2674,15744.28,7.3,92.1
1437,Paris,,France,34,9,2025,5360,55873.62,6.83,84.7
1438,Paris,,France,34,4,2025,710,6832.56,8.31,109.2
1439,Paris,,France,34,3,2025,890,7720.75,8.44,80.6
1440,Tokyo,,Japan,12,4,2024,1534,8812.17,8.23,81.2
1441,Tokyo,,Japan,12,5,2024,657,5318.9,7.98,109.0
1442,Tokyo,,Japan,12,2,2024,6897,71775.13,8.43,104.3
1443,Tokyo,,Japan,12,9,2024,4957,43604.95,6.88,84.8
1444,Tokyo,,Japan,12,11,2024,4674,39225.98,6.49,94.6
1445,Tokyo,,Japan,12,10,2025,2324,18352.63,8.28,81.0
1446,Tokyo,,Japan,12,11,2025,4180,17311.99,7.11,76.6
1447,Tokyo,,Japan,12,4,2025,3560,34581.12,6.91,68.4
1448,Tokyo,,Japan,12,5,2025,5313,44196.82,8.15,84.3
1449,Tokyo,,Japan,12,8,2025,5678,55020.56,6.77,92.4
1450,Tokyo,,Japan,45,8,2024,6772,35500.89,7.22,93.4
1451,Tokyo,,Japan,45,3,2024,4593,52722.0,7.25,90.6
1452,Tokyo,,Japan,45,7,2024,7169,36562.51,6.23,80.0
1453,Tokyo,,Japan,45,11,2024,3469,36862.04,6.57,103.4
1454,Tokyo,,Japan,45,6,2024,1906,9971.61,6.7,112.2
1455,Tokyo,,Japan,45,12,2024,5490,52019.37,6.41,94.9
1456,Tokyo,,Japan,45,11,2025,548,2355.92,7.25,101.4
1457,Tokyo,,Japan,45,12,2025,7393,60366.99,7.15,69.6
1458,Tokyo,,Japan,45,10,2025,4840,46791.44,6.79,100.5
1459,Tokyo,,Japan,45,6,2025,1710,14877.6,8.41,75.3
1460,Tokyo,,Japan,45,3,2025,3762,25130.49,6.36,94.5
1461,Tokyo,,Japan,45,5,2025,3951,25585.69,6.83,78.1
1462,Tokyo,,Japan,31,8,2024,5476,47034.24,6.51,98.4
1463,Tokyo,,Japan,31,1,2024,6755,73328.68,8.35,105.3
1464,Tokyo,,Japan,31,10,2024,1254,6120.45,6.26,104.4
1465,Tokyo,,Japan,31,12,2024,7151,77109.47,6.22,98.7
1466,Tokyo,,Japan,31,4,2024,5755,39688.65,7.62,72.1
1467,Tokyo,,Japan,31,5,2024,3904,31087.4,6.48,98.0
1468,Tokyo,,Japan,31,4,2025,7509,62292.92,7.76,66.5
1469,Tokyo,,Japan,31,5,2025,7819,83459.72,6.22,87.3
1470,Tokyo,,Japan,31,11,2025,989,10751.78,7.14,89.1
1471,Tokyo,,Japan,31,1,2025,7513,87775.59,7.64,88.7
1472,Tokyo,,Japan,31,10,2025,5868,50355.52,6.65,70.6
1473,Tokyo,,Japan,27,3,2024,3171,36733.73,6.3,99.9
1474,Tokyo,,Japan,27,9,2024,6247,56861.5,6.34,110.1
1475,Tokyo,,Japan,27,4,2024,5875,47477.15,8.35,87.5
1476,Tokyo,,Japan,27,8,2024,6826,56173.88,8.22,94.9
1477,Tokyo,,Japan,27,9,2025,4404,50781.08,6.38,104.9
1478,Tokyo,,Japan,27,10,2025,1360,14023.92,7.52,110.3
1479,Tokyo,,Japan,27,8,2025,4466,20489.59,7.85,85.0
1480,Tokyo,,Japan,27,12,2025,7888,62868.29,7.11,82.2
1481,Tokyo,,Japan,6,2,2024,6626,47513.92,7.98,94.6
1482,Tokyo,,Japan,6,9,2024,5873,62836.43,6.65,96.2
1483,Tokyo,,Japan,6,5,2024,6595,47813.36,7.53,70.8
1484,Tokyo,,Japan,6,1,2025,4020,46333.91,8.42,77.3
1485,Tokyo,,Japan,6,3,2025,6731,70425.94,6.04,70.6
1486,Tokyo,,Japan,6,8,2025,6884,70328.1,8.12,89.4
1487,Tokyo,,Japan,39,5,2024,2038,17755.49,8.27,75.0
1488,Tokyo,,Japan,39,6,2024,5926,46789.89,6.52,105.9
1489,Tokyo,,Japan,39,3,2024,7528,54783.82,7.21,89.5
1490,Tokyo,,Japan,39,7,2025,4881,34819.32,7.0,79.3
1491,Tokyo,,Japan,39,6,2025,7229,31009.93,6.15,74.8
1492,Tokyo,,Japan,39,5,2025,4706,30367.7,8.45,101.0
1493,Tokyo,,Japan,39,3,2025,1834,9667.94,6.18,65.0
1494,Tokyo,,Japan,39,1,2025,6516,77020.43,6.09,69.5
1495,Tokyo,,Japan,39,10,2025,4377,47622.74,6.72,75.5
1496,Tokyo,,Japan,35,10,2024,2126,17222.43,7.31,71.4
1497,Tokyo,,Japan,35,4,2024,605,4071.29,7.08,113.7
1498,Tokyo,,Japan,35,6,2024,5236,49935.64,7.63,113.4
1499,Tokyo,,Japan,35,11,2025,6851,69439.32,6.35,85.0
1500,Tokyo,,Japan,35,4,2025,6154,73837.93,6.68,67.0
1501,Tokyo,,Japan,35,6,2025,1048,11063.54,7.69,87.4
1502,Tokyo,,Japan,43,6,2024,6067,67434.66,7.07,111.3
1503,Tokyo,,Japan,43,4,2024,5256,39998.56,7.24,70.0
1504,Tokyo,,Japan,43,9,2024,638,7318.04,7.49,98.1
1505,Tokyo,,Japan,43,11,2024,1585,6452.81,8.13,95.1
1506,Tokyo,,Japan,43,9,2025,6266,30312.31,6.7,83.5
1507,Tokyo,,Japan,43,3,2025,5174,27704.85,7.97,74.6
1508,Tokyo,,Japan,43,6,2025,2942,19619.02,7.04,101.3
1509,Tokyo,,Japan,43,2,2025,7939,37756.7,7.65,94.5
1510,Tokyo,,Japan,43,8,2025,1635,11929.15,6.55,76.9
1511,Tokyo,,Japan,1,6,2024,7331,34172.18,7.53,108.9
1512,Tokyo,,Japan,1,4,2024,6998,67915.04,8.31,91.7
1513,Tokyo,,Japan,1,5,2024,4982,36793.71,8.47,78.4
1514,Tokyo,,Japan,1,3,2024,2123,10512.38,6.48,105.8
1515,Tokyo,,Japan,1,10,2024,6984,80390.4,7.9,93.8
1516,Tokyo,,Japan,1,9,2024,1663,7425.53,7.76,113.6
1517,Tokyo,,Japan,1,8,2025,5874,43782.03,6.69,81.1
1518,Tokyo,,Japan,1,1,2025,3573,28808.19,6.07,80.5
1519,Tokyo,,Japan,1,9,2025,1246,7494.3,7.59,83.3
1520,Tokyo,,Japan,1,4,2025,2576,14206.32,8.36,102.0
1521,Tokyo,,Japan,1,6,2025,4923,48629.37,7.09,81.2
1522,Tokyo,,Japan,1,7,2025,3564,29529.83,6.22,71.6
1523,Tokyo,,Japan,49,1,2024,2545,21779.52,7.76,79.6
1524,Tokyo,,Japan,49,8,2024,7999,67017.77,6.03,111.2
1525,Tokyo,,Japan,49,7,2024,3000,21638.41,6.55,106.0
1526,Tokyo,,Japan,49,10,2024,7976,78866.25,7.01,107.6
1527,Tokyo,,Japan,49,11,2024,2132,24688.55,6.16,83.1
1528,Tokyo,,Japan,49,7,2025,6010,42596.31,6.71,103.2
1529,Tokyo,,Japan,49,12,2025,2218,20058.87,7.85,106.4
1530,Tokyo,,Japan,49,9,2025,6448,47659.36,7.09,70.4
1531,Tokyo,,Japan,49,3,2025,2848,30475.6,8.31,76.4
1532,Tokyo,,Japan,17,7,2024,3862,21844.47,6.76,69.4
1533,Tokyo,,Japan,17,8,2024,1860,14713.49,6.78,83.7
1534,Tokyo,,Japan,17,10,2024,645,2686.98,7.38,95.9
1535,Tokyo,,Japan,17,9,2024,6073,32507.02,7.17,79.2
1536,Tokyo,,Japan,17,11,2024,3017,13816.05,8.28,92.0
1537,Tokyo,,Japan,17,6,2024,1361,13886.92,7.83,72.4
1538,Tokyo,,Japan,17,8,2025,2040,19793.83,7.1,103.8
1539,Tokyo,,Japan,17,9,2025,2452,28560.17,6.81,109.7
1540,Tokyo,,Japan,17,6,2025,6791,53055.98,6.03,101.8
1541,Tokyo,,Japan,10,4,2024,4215,25449.69,7.32,94.9
1542,Tokyo,,Japan,10,11,2024,6839,53036.91,7.22,79.9
1543,Tokyo,,Japan,10,9,2024,4812,34548.55,6.61,113.8
1544,Tokyo,,Japan,10,3,2024,4976,38721.75,8.12,99.5
1545,Tokyo,,Japan,10,12,2025,2684,32022.52,6.94,89.5
1546,Tokyo,,Japan,10,4,2025,3913,16725.82,8.32,105.7
1547,Tokyo,,Japan,10,9,2025,2738,31920.26,7.48,109.8
1548,Tokyo,,Japan,10,2,2025,3846,16059.58,7.41,83.3
1549,Tokyo,,Japan,10,3,2025,5918,48991.4,6.95,86.7
1550,Tokyo,,Japan,10,5,2025,2977,13830.62,8.36,78.4
1551,Tokyo,,Japan,47,10,2024,6320,59796.36,6.55,111.8
1552,Tokyo,,Japan,47,1,2024,4466,36049.99,7.72,76.3
1553,Tokyo,,Japan,47,2,2024,2110,9475.91,6.4,86.3
1554,Tokyo,,Japan,47,12,2025,7433,41156.48,6.15,69.7
1555,Tokyo,,Japan,47,2,2025,4686,41115.56,7.03,69.2
1556,Tokyo,,Japan,47,5,2025,2537,12627.41,7.87,111.4
1557,Tokyo,,Japan,47,7,2025,6508,34664.1,6.86,82.3
1558,Tokyo,,Japan,47,8,2025,6185,67738.57,7.28,100.8
1559,Tokyo,,Japan,47,6,2025,3997,42802.18,6.49,108.0
