viewer_id,age,gender,city,country,subscription_tier,join_date,preferred_genre,device
1,23,Male,Mumbai,India,Premium,2021-05-16,Sci-Fi,Smart TV
2,22,Non-binary,Delhi,India,Free,2023-04-24,Drama,Mobile
3,21,Male,New York,USA,Basic,2022-10-31,Thriller,Mobile
4,28,Non-binary,Sydney,Australia,Family,2021-03-27,Drama,Desktop
5,67,Male,Phoenix,USA,Basic,2023-11-30,Drama,Laptop
6,25,Male,Phoenix,USA,Premium,2020-07-28,Action,Tablet
7,38,Female,Los Angeles,USA,Premium,2024-07-10,Action,Tablet
8,23,Female,Sydney,Australia,Free,2023-02-04,Comedy,Desktop
9,71,Female,Tokyo,Japan,Basic,2023-12-13,Action,Mobile
10,30,Female,Mumbai,India,Free,2024-10-17,Sci-Fi,Mobile
11,33,Female,Manchester,UK,Premium,2020-11-29,Comedy,Laptop
12,58,Female,Houston,USA,Free,2023-06-01,Romance,Smart TV
13,62,Male,Sydney,Australia,Basic,2022-08-04,Drama,Laptop
14,56,Non-binary,Tokyo,Japan,Basic,2023-11-03,Comedy,Mobile
15,68,Male,Houston,USA,Premium,2022-04-01,Comedy,Mobile
16,52,Non-binary,Houston,USA,Premium,2021-03-11,Romance,Tablet
17,72,Non-binary,Manchester,UK,Family,2020-10-19,Comedy,Smart TV
18,63,Non-binary,Houston,USA,Premium,2024-03-09,Thriller,Tablet
19,53,Female,Tokyo,Japan,Premium,2021-03-25,Sci-Fi,Desktop
20,21,Male,Toronto,Canada,Free,2020-11-09,Romance,Smart TV
21,59,Female,Berlin,Germany,Free,2022-02-27,Drama,Desktop
22,49,Female,Toronto,Canada,Free,2023-10-25,Romance,Mobile
23,72,Non-binary,Mumbai,India,Premium,2024-04-23,Romance,Laptop
24,34,Female,Los Angeles,USA,Basic,2022-07-18,Action,Laptop
25,64,Male,Sydney,Australia,Free,2024-11-17,Romance,Laptop
26,56,Non-binary,Paris,France,Basic,2020-11-09,Comedy,Smart TV
27,65,Non-binary,Sydney,Australia,Free,2023-05-11,Comedy,Tablet
28,23,Female,New York,USA,Premium,2021-05-05,Action,Smart TV
29,52,Male,Tokyo,Japan,Free,2024-02-07,Drama,Mobile
30,50,Male,Berlin,Germany,Basic,2023-09-13,Drama,Desktop
31,32,Non-binary,Chicago,USA,Family,2021-03-09,Thriller,Smart TV
32,35,Female,Delhi,India,Premium,2022-06-16,Thriller,Tablet
33,31,Male,Los Angeles,USA,Free,2021-11-23,Action,Desktop
34,30,Non-binary,Sydney,Australia,Basic,2020-01-15,Action,Mobile
35,20,Male,Houston,USA,Premium,2020-05-25,Thriller,Smart TV
36,58,Female,Phoenix,USA,Basic,2023-01-09,Sci-Fi,Desktop
37,46,Male,Melbourne,Australia,Family,2024-07-11,Drama,Smart TV
38,22,Non-binary,Los Angeles,USA,Family,2021-12-26,Drama,Tablet
39,71,Non-binary,Toronto,Canada,Free,2023-10-11,Romance,Mobile
40,41,Non-binary,New York,USA,Premium,2024-06-27,Historical Drama,Mobile
41,28,Male,Houston,USA,Family,2020-10-14,Drama,Smart TV
42,45,Male,Phoenix,USA,Free,2022-06-26,Historical Drama,Desktop
43,19,Non-binary,Los Angeles,USA,Free,2020-07-10,Historical Drama,Smart TV
44,42,Female,Chicago,USA,Family,2021-03-13,Historical Drama,Tablet
45,19,Male,Tokyo,Japan,Family,2020-01-05,Drama,Laptop
46,66,Female,Tokyo,Japan,Premium,2022-05-16,Romance,Desktop
47,61,Female,Mumbai,India,Basic,2021-01-23,Comedy,Smart TV
48,53,Non-binary,New York,USA,Free,2024-03-11,Comedy,Mobile
49,53,Female,New York,USA,Basic,2020-04-26,Thriller,Mobile
50,27,Male,Paris,France,Free,2023-10-14,Historical Drama,Smart TV
51,23,Non-binary,Manchester,UK,Basic,2023-03-31,Thriller,Mobile
52,21,Female,Melbourne,Australia,Premium,2025-03-29,Comedy,Smart TV
53,61,Female,Mumbai,India,Basic,2021-06-27,Drama,Smart TV
54,57,Female,Mumbai,India,Family,2021-10-09,Historical Drama,Mobile
55,45,Non-binary,New York,USA,Free,2020-05-30,Thriller,Smart TV
56,32,Male,Sydney,Australia,Premium,2024-12-09,Action,Smart TV
57,34,Male,London,UK,Family,2024-09-03,Thriller,Laptop
58,67,Non-binary,Melbourne,Australia,Free,2023-09-29,Historical Drama,Desktop
59,58,Male,Phoenix,USA,Basic,2021-06-25,Action,Mobile
60,51,Male,Delhi,India,Premium,2021-07-31,Thriller,Smart TV
61,37,Male,Delhi,India,Premium,2022-11-01,Drama,Laptop
62,70,Male,Tokyo,Japan,Free,2023-07-23,Drama,Laptop
63,16,Female,New York,USA,Basic,2023-07-28,Comedy,Smart TV
64,44,Non-binary,Delhi,India,Family,2023-02-22,Action,Mobile
65,72,Non-binary,Los Angeles,USA,Basic,2023-01-22,Action,Laptop
66,51,Male,Melbourne,Australia,Family,2020-09-18,Action,Laptop
67,66,Male,London,UK,Premium,2021-03-06,Romance,Smart TV
68,22,Female,Mumbai,India,Family,2023-06-25,Romance,Smart TV
69,31,Male,Tokyo,Japan,Basic,2024-12-10,Drama,Mobile
70,63,Female,Chicago,USA,Family,2024-06-30,Romance,Smart TV
71,26,Non-binary,Phoenix,USA,Free,2022-02-22,Historical Drama,Mobile
72,46,Male,Paris,France,Basic,2024-07-30,Drama,Laptop
73,68,Male,Phoenix,USA,Basic,2020-02-18,Romance,Smart TV
74,37,Female,Manchester,UK,Free,2024-05-02,Comedy,Laptop
75,48,Female,Mumbai,India,Premium,2025-04-07,Action,Mobile
76,32,Male,Tokyo,Japan,Premium,2020-03-19,Action,Desktop
77,38,Non-binary,Manchester,UK,Premium,2022-06-12,Thriller,Desktop
78,40,Non-binary,Los Angeles,USA,Basic,2021-06-05,Action,Tablet
79,49,Non-binary,New York,USA,Basic,2022-01-15,Drama,Mobile
80,37,Non-binary,Mumbai,India,Premium,2023-09-20,Historical Drama,Mobile
81,35,Non-binary,Delhi,India,Premium,2023-09-27,Drama,Laptop
82,60,Female,Manchester,UK,Basic,2021-01-27,Drama,Tablet
83,63,Male,Mumbai,India,Premium,2022-04-11,Thriller,Mobile
84,34,Male,Phoenix,USA,Family,2024-05-28,Thriller,Desktop
85,36,Female,Mumbai,India,Family,2022-06-24,Romance,Smart TV
86,46,Non-binary,Sydney,Australia,Basic,2023-09-11,Action,Laptop
87,58,Non-binary,Sydney,Australia,Premium,2020-07-10,Historical Drama,Smart TV
88,35,Male,Mumbai,India,Basic,2020-10-28,Action,Mobile
89,46,Non-binary,Houston,USA,Free,2022-07-21,Drama,Desktop
90,61,Non-binary,Houston,USA,Family,2022-10-09,Drama,Smart TV
91,57,Non-binary,Chicago,USA,Free,2025-01-02,Historical Drama,Mobile
92,43,Male,Berlin,Germany,Basic,2024-07-04,Romance,Desktop
93,19,Non-binary,Toronto,Canada,Basic,2025-02-21,Historical Drama,Mobile
94,24,Female,Toronto,Canada,Premium,2025-04-29,Historical Drama,Tablet
95,68,Non-binary,Melbourne,Australia,Family,2024-08-28,Thriller,Tablet
96,26,Non-binary,Tokyo,Japan,Family,2022-07-10,Comedy,Smart TV
97,56,Female,Paris,France,Family,2023-07-07,Sci-Fi,Laptop
98,20,Non-binary,Toronto,Canada,Premium,2021-04-25,Comedy,Laptop
99,50,Male,London,UK,Basic,2020-11-04,Sci-Fi,Tablet
100,25,Non-binary,Delhi,India,Basic,2020-05-11,Drama,Tablet
101,50,Female,London,UK,Family,2020-05-07,Sci-Fi,Tablet
102,65,Non-binary,Manchester,UK,Free,2024-10-20,Historical Drama,Desktop
103,46,Male,Manchester,UK,Premium,2021-09-03,Historical Drama,Tablet
104,69,Female,Paris,France,Basic,2022-09-26,Sci-Fi,Laptop
105,47,Male,Manchester,UK,Family,2021-11-19,Romance,Tablet
106,26,Female,Delhi,India,Basic,2023-06-28,Thriller,Mobile
107,41,Non-binary,Tokyo,Japan,Free,2020-06-20,Romance,Tablet
108,71,Female,Chicago,USA,Basic,2020-04-12,Comedy,Tablet
109,29,Female,London,UK,Premium,2021-11-22,Historical Drama,Tablet
110,64,Female,Phoenix,USA,Premium,2024-09-05,Action,Tablet
111,63,Non-binary,New York,USA,Free,2021-12-17,Sci-Fi,Mobile
112,57,Male,Berlin,Germany,Free,2025-04-28,Sci-Fi,Smart TV
113,17,Non-binary,Paris,France,Basic,2021-05-03,Sci-Fi,Tablet
114,23,Non-binary,Mumbai,India,Basic,2022-08-10,Romance,Laptop
115,39,Male,Berlin,Germany,Free,2024-05-11,Historical Drama,Smart TV
116,22,Non-binary,Phoenix,USA,Free,2025-03-17,Comedy,Desktop
117,40,Female,Mumbai,India,Basic,2020-06-04,Thriller,Smart TV
118,60,Female,Los Angeles,USA,Free,2024-06-18,Thriller,Mobile
119,50,Female,London,UK,Premium,2020-05-21,Thriller,Laptop
120,70,Female,New York,USA,Family,2020-08-04,Drama,Laptop
121,69,Female,Mumbai,India,Basic,2022-06-10,Sci-Fi,Desktop
122,33,Non-binary,Mumbai,India,Family,2022-08-10,Drama,Desktop
123,36,Male,Phoenix,USA,Free,2021-07-25,Drama,Smart TV
124,45,Non-binary,Berlin,Germany,Family,2021-11-19,Action,Tablet
125,36,Male,Paris,France,Family,2021-03-10,Comedy,Laptop
126,33,Non-binary,London,UK,Premium,2023-02-12,Action,Desktop
127,21,Male,Houston,USA,Family,2022-09-27,Thriller,Smart TV
128,46,Non-binary,Delhi,India,Family,2022-07-06,Historical Drama,Mobile
129,34,Male,Los Angeles,USA,Family,2023-11-17,Sci-Fi,Laptop
130,53,Female,Mumbai,India,Family,2023-02-07,Thriller,Laptop
131,63,Non-binary,Manchester,UK,Premium,2021-12-21,Romance,Tablet
132,35,Female,Phoenix,USA,Basic,2020-09-04,Romance,Smart TV
133,23,Non-binary,London,UK,Basic,2021-01-27,Sci-Fi,Tablet
134,62,Non-binary,Phoenix,USA,Premium,2020-07-24,Historical Drama,Smart TV
135,30,Female,Phoenix,USA,Basic,2021-09-11,Action,Desktop
136,33,Male,Chicago,USA,Free,2023-02-07,Comedy,Smart TV
137,71,Female,Mumbai,India,Free,2024-11-22,Action,Desktop
138,46,Female,Phoenix,USA,Family,2021-11-28,Sci-Fi,Mobile
139,71,Female,Phoenix,USA,Free,2024-08-10,Action,Tablet
140,20,Non-binary,Toronto,Canada,Free,2020-11-06,Sci-Fi,Desktop
141,21,Male,Phoenix,USA,Free,2023-02-16,Historical Drama,Tablet
142,54,Non-binary,Melbourne,Australia,Basic,2024-05-07,Thriller,Tablet
143,44,Female,Toronto,Canada,Family,2021-09-17,Thriller,Desktop
144,55,Non-binary,New York,USA,Free,2025-04-24,Historical Drama,Smart TV
145,29,Female,Mumbai,India,Free,2020-11-17,Sci-Fi,Smart TV
146,20,Male,Sydney,Australia,Free,2022-04-16,Drama,Desktop
147,34,Male,Toronto,Canada,Basic,2021-08-13,Romance,Laptop
148,71,Female,Delhi,India,Free,2023-11-08,Sci-Fi,Laptop
149,66,Non-binary,Berlin,Germany,Basic,2022-05-20,Action,Desktop
150,57,Male,Houston,USA,Premium,2024-08-19,Sci-Fi,Mobile
151,26,Female,New York,USA,Premium,2022-06-18,Action,Tablet
152,35,Non-binary,Delhi,India,Family,2025-04-14,Comedy,Desktop
153,47,Female,Sydney,Australia,Free,2023-05-09,Action,Tablet
154,36,Non-binary,Delhi,India,Premium,2020-02-22,Action,Smart TV
155,69,Non-binary,Mumbai,India,Free,2024-04-15,Romance,Laptop
156,18,Male,Melbourne,Australia,Family,2022-11-28,Romance,Tablet
157,33,Male,Tokyo,Japan,Family,2023-07-24,Historical Drama,Tablet
158,46,Female,Los Angeles,USA,Family,2021-11-13,Comedy,Mobile
159,26,Female,Paris,France,Family,2023-11-21,Drama,Laptop
160,41,Non-binary,Mumbai,India,Free,2022-07-20,Action,Laptop
161,36,Male,Phoenix,USA,Family,2024-11-06,Thriller,Mobile
162,71,Non-binary,Mumbai,India,Family,2022-04-26,Action,Smart TV
163,39,Non-binary,Sydney,Australia,Family,2023-07-04,Drama,Mobile
164,33,Non-binary,Houston,USA,Basic,2025-03-14,Comedy,Tablet
165,60,Female,Tokyo,Japan,Free,2020-02-29,Romance,Desktop
166,31,Non-binary,Berlin,Germany,Basic,2021-09-28,Thriller,Mobile
167,42,Male,Sydney,Australia,Basic,2024-09-19,Action,Tablet
168,57,Male,Los Angeles,USA,Family,2025-03-25,Romance,Laptop
169,61,Female,Sydney,Australia,Family,2024-09-05,Drama,Tablet
170,45,Non-binary,Houston,USA,Basic,2022-02-24,Sci-Fi,Desktop
171,63,Male,Sydney,Australia,Free,2021-07-19,Historical Drama,Tablet
172,66,Non-binary,London,UK,Premium,2024-08-07,Action,Laptop
173,35,Non-binary,Delhi,India,Family,2024-11-07,Sci-Fi,Tablet
174,46,Female,Sydney,Australia,Premium,2023-02-04,Historical Drama,Desktop
175,45,Female,Manchester,UK,Basic,2023-11-29,Sci-Fi,Desktop
176,30,Female,Manchester,UK,Free,2021-10-13,Romance,Tablet
177,67,Female,Delhi,India,Family,2023-09-21,Historical Drama,Smart TV
178,18,Male,Toronto,Canada,Premium,2024-11-16,Action,Tablet
179,49,Female,Los Angeles,USA,Free,2024-01-19,Sci-Fi,Tablet
180,57,Male,Paris,France,Free,2022-08-19,Historical Drama,Laptop
181,55,Non-binary,London,UK,Family,2023-08-23,Action,Laptop
182,59,Non-binary,Paris,France,Family,2021-10-10,Romance,Tablet
183,50,Male,Paris,France,Free,2021-04-25,Romance,Laptop
184,63,Male,Houston,USA,Family,2020-07-20,Historical Drama,Mobile
185,26,Non-binary,Toronto,Canada,Premium,2025-01-24,Action,Mobile
186,66,Male,London,UK,Premium,2022-01-04,Comedy,Tablet
187,31,Non-binary,Chicago,USA,Family,2023-03-05,Romance,Smart TV
188,27,Male,Chicago,USA,Family,2023-06-23,Romance,Smart TV
189,53,Male,Toronto,Canada,Basic,2022-08-02,Romance,Laptop
190,32,Non-binary,Toronto,Canada,Free,2025-01-14,Historical Drama,Tablet
191,34,Non-binary,Tokyo,Japan,Basic,2020-05-31,Drama,Laptop
192,35,Non-binary,Melbourne,Australia,Family,2023-11-14,Comedy,Tablet
193,35,Male,Paris,France,Family,2024-10-13,Drama,Mobile
194,40,Non-binary,Houston,USA,Premium,2023-03-23,Comedy,Laptop
195,69,Non-binary,New York,USA,Family,2021-07-16,Action,Desktop
196,59,Non-binary,Paris,France,Free,2025-02-07,Thriller,Tablet
197,34,Male,Paris,France,Premium,2021-03-24,Romance,Smart TV
198,32,Non-binary,Melbourne,Australia,Basic,2023-07-10,Action,Mobile
199,66,Female,Phoenix,USA,Free,2023-04-01,Comedy,Smart TV
200,34,Female,Los Angeles,USA,Family,2020-12-25,Sci-Fi,Smart TV
201,50,Female,Berlin,Germany,Premium,2024-08-27,Sci-Fi,Laptop
202,68,Female,Tokyo,Japan,Premium,2024-03-08,Historical Drama,Laptop
203,23,Female,Berlin,Germany,Free,2020-10-15,Historical Drama,Smart TV
204,59,Non-binary,Paris,France,Family,2024-09-28,Historical Drama,Desktop
205,21,Female,London,UK,Free,2021-06-25,Thriller,Mobile
206,39,Non-binary,Toronto,Canada,Premium,2023-04-12,Drama,Laptop
207,59,Male,Los Angeles,USA,Family,2020-02-21,Thriller,Desktop
208,55,Male,London,UK,Free,2023-07-25,Historical Drama,Tablet
209,60,Female,Tokyo,Japan,Family,2020-08-26,Sci-Fi,Mobile
210,35,Female,New York,USA,Free,2020-07-18,Sci-Fi,Desktop
211,40,Female,Chicago,USA,Premium,2023-10-05,Romance,Desktop
212,53,Non-binary,Manchester,UK,Basic,2024-12-18,Drama,Mobile
213,47,Non-binary,Paris,France,Family,2025-04-07,Comedy,Mobile
214,39,Male,Delhi,India,Family,2022-06-29,Sci-Fi,Laptop
215,59,Female,Los Angeles,USA,Premium,2020-05-04,Drama,Laptop
216,23,Female,Houston,USA,Free,2023-09-19,Sci-Fi,Desktop
217,19,Female,New York,USA,Basic,2020-09-14,Historical Drama,Desktop
218,20,Non-binary,Houston,USA,Basic,2023-04-15,Sci-Fi,Smart TV
219,65,Male,London,UK,Free,2021-07-21,Historical Drama,Smart TV
220,50,Female,Chicago,USA,Basic,2020-08-13,Romance,Mobile
221,16,Female,Chicago,USA,Basic,2023-04-20,Comedy,Mobile
222,32,Male,Chicago,USA,Basic,2024-02-28,Drama,Desktop
223,63,Male,Los Angeles,USA,Family,2022-07-07,Historical Drama,Laptop
224,53,Male,Sydney,Australia,Family,2022-10-28,Sci-Fi,Desktop
225,62,Non-binary,New York,USA,Premium,2022-07-27,Romance,Mobile
226,46,Female,New York,USA,Family,2023-11-06,Action,Tablet
227,44,Male,Delhi,India,Free,2021-10-21,Thriller,Smart TV
228,24,Female,Los Angeles,USA,Premium,2022-02-19,Thriller,Desktop
229,45,Non-binary,Phoenix,USA,Family,2020-07-22,Historical Drama,Mobile
230,57,Non-binary,Paris,France,Basic,2022-05-30,Drama,Smart TV
231,37,Female,Manchester,UK,Family,2022-05-01,Romance,Mobile
232,43,Female,London,UK,Premium,2022-02-05,Sci-Fi,Tablet
233,21,Male,Los Angeles,USA,Free,2022-06-03,Action,Laptop
234,24,Non-binary,Berlin,Germany,Free,2023-04-16,Thriller,Desktop
235,58,Male,London,UK,Family,2021-12-25,Historical Drama,Tablet
236,62,Male,Paris,France,Premium,2023-05-14,Comedy,Laptop
237,52,Non-binary,Los Angeles,USA,Basic,2020-11-12,Romance,Tablet
238,70,Male,Houston,USA,Premium,2024-09-27,Thriller,Laptop
239,64,Female,Los Angeles,USA,Basic,2024-07-11,Drama,Desktop
240,68,Non-binary,Berlin,Germany,Free,2023-06-01,Romance,Laptop
241,27,Female,New York,USA,Premium,2025-03-02,Comedy,Laptop
242,27,Male,New York,USA,Family,2020-05-22,Sci-Fi,Mobile
243,63,Non-binary,Los Angeles,USA,Basic,2022-02-09,Drama,Tablet
244,26,Female,London,UK,Premium,2024-01-17,Comedy,Desktop
245,21,Male,Melbourne,Australia,Basic,2020-11-18,Historical Drama,Desktop
246,59,Male,New York,USA,Premium,2022-06-26,Romance,Tablet
247,54,Female,Toronto,Canada,Family,2021-07-13,Sci-Fi,Desktop
248,38,Female,Los Angeles,USA,Free,2021-08-03,Romance,Desktop
249,49,Non-binary,Toronto,Canada,Premium,2020-04-03,Sci-Fi,Tablet
250,19,Male,Melbourne,Australia,Basic,2021-09-09,Sci-Fi,Smart TV
251,32,Female,Berlin,Germany,Premium,2020-09-02,Action,Tablet
252,43,Male,Delhi,India,Basic,2022-02-17,Thriller,Smart TV
253,51,Non-binary,Sydney,Australia,Premium,2020-05-27,Drama,Mobile
254,17,Female,Manchester,UK,Free,2024-10-31,Comedy,Desktop
255,52,Female,Manchester,UK,Family,2021-08-15,Action,Tablet
256,36,Male,New York,USA,Family,2024-08-30,Romance,Laptop
257,43,Male,Los Angeles,USA,Basic,2022-06-11,Thriller,Tablet
258,21,Female,Sydney,Australia,Premium,2024-03-07,Comedy,Smart TV
259,65,Male,London,UK,Free,2022-11-11,Romance,Mobile
260,48,Male,Sydney,Australia,Premium,2021-12-20,Romance,Smart TV
261,22,Male,Houston,USA,Premium,2021-02-08,Sci-Fi,Desktop
262,64,Non-binary,Chicago,USA,Free,2020-12-28,Historical Drama,Tablet
263,64,Non-binary,Toronto,Canada,Family,2023-10-26,Thriller,Desktop
264,71,Non-binary,London,UK,Premium,2020-11-05,Drama,Mobile
265,44,Non-binary,Toronto,Canada,Premium,2024-06-18,Comedy,Desktop
266,38,Non-binary,New York,USA,Free,2021-09-27,Drama,Tablet
267,19,Female,New York,USA,Premium,2020-06-06,Romance,Mobile
268,54,Non-binary,Melbourne,Australia,Family,2022-08-05,Thriller,Desktop
269,63,Male,Berlin,Germany,Family,2025-02-04,Historical Drama,Desktop
270,28,Female,Mumbai,India,Family,2022-10-23,Sci-Fi,Mobile
271,22,Female,Toronto,Canada,Free,2022-10-30,Romance,Smart TV
272,31,Non-binary,New York,USA,Family,2022-06-18,Thriller,Desktop
273,26,Female,Melbourne,Australia,Premium,2025-02-22,Comedy,Tablet
274,65,Female,Manchester,UK,Free,2024-06-04,Romance,Laptop
275,37,Male,Los Angeles,USA,Family,2021-08-04,Comedy,Desktop
276,25,Female,Paris,France,Free,2023-04-08,Romance,Smart TV
277,38,Female,Tokyo,Japan,Family,2020-09-21,Thriller,Mobile
278,51,Female,Phoenix,USA,Premium,2024-07-23,Sci-Fi,Desktop
279,57,Non-binary,Los Angeles,USA,Family,2022-11-07,Comedy,Mobile
280,35,Male,London,UK,Basic,2021-11-30,Historical Drama,Tablet
281,30,Male,Houston,USA,Basic,2020-06-07,Comedy,Mobile
282,65,Non-binary,Sydney,Australia,Free,2023-09-17,Comedy,Desktop
283,54,Female,Chicago,USA,Basic,2020-11-28,Sci-Fi,Desktop
284,26,Non-binary,Berlin,Germany,Family,2020-03-30,Drama,Laptop
285,62,Male,Mumbai,India,Family,2023-06-04,Comedy,Tablet
286,50,Male,Houston,USA,Premium,2024-07-14,Historical Drama,Tablet
287,69,Male,Tokyo,Japan,Premium,2023-10-21,Thriller,Tablet
288,65,Female,Toronto,Canada,Family,2022-10-26,Thriller,Tablet
289,68,Male,Chicago,USA,Basic,2024-11-22,Comedy,Mobile
290,46,Female,Mumbai,India,Free,2023-12-27,Historical Drama,Desktop
291,23,Female,Paris,France,Free,2024-04-11,Sci-Fi,Laptop
292,48,Male,Toronto,Canada,Family,2020-07-06,Sci-Fi,Tablet
293,38,Male,Tokyo,Japan,Family,2020-04-19,Drama,Desktop
294,31,Female,London,UK,Free,2022-02-06,Sci-Fi,Mobile
295,22,Non-binary,London,UK,Premium,2024-06-08,Sci-Fi,Smart TV
296,34,Female,New York,USA,Basic,2024-04-03,Romance,Tablet
297,55,Male,Toronto,Canada,Free,2020-02-08,Comedy,Smart TV
298,25,Non-binary,Paris,France,Family,2020-08-15,Historical Drama,Laptop
299,35,Male,Houston,USA,Free,2021-05-03,Drama,Desktop
300,20,Male,Toronto,Canada,Family,2023-05-07,Thriller,Mobile
301,48,Non-binary,Mumbai,India,Basic,2024-01-11,Sci-Fi,Laptop
302,16,Non-binary,Manchester,UK,Premium,2021-05-07,Thriller,Tablet
303,58,Non-binary,Chicago,USA,Free,2022-12-08,Comedy,Mobile
304,50,Non-binary,Sydney,Australia,Free,2022-03-10,Historical Drama,Tablet
305,56,Female,New York,USA,Premium,2021-06-03,Romance,Mobile
306,66,Male,London,UK,Premium,2021-05-08,Romance,Mobile
307,53,Non-binary,Berlin,Germany,Premium,2020-09-30,Action,Laptop
308,37,Non-binary,Sydney,Australia,Basic,2024-08-27,Historical Drama,Tablet
309,46,Non-binary,Delhi,India,Basic,2024-07-19,Sci-Fi,Mobile
310,65,Female,Delhi,India,Free,2021-08-23,Sci-Fi,Mobile
311,28,Male,Berlin,Germany,Premium,2025-03-26,Comedy,Desktop
312,68,Non-binary,Manchester,UK,Family,2021-06-02,Action,Smart TV
313,38,Male,Phoenix,USA,Premium,2021-07-13,Action,Laptop
314,72,Female,Manchester,UK,Family,2025-01-06,Drama,Laptop
315,47,Non-binary,Chicago,USA,Family,2022-01-22,Historical Drama,Desktop
316,67,Male,Phoenix,USA,Family,2020-06-10,Drama,Desktop
317,27,Non-binary,Paris,France,Premium,2021-10-19,Action,Mobile
318,58,Female,London,UK,Premium,2022-07-02,Thriller,Tablet
319,60,Female,Chicago,USA,Premium,2022-07-04,Action,Laptop
320,43,Female,Melbourne,Australia,Free,2020-06-02,Romance,Tablet
321,48,Non-binary,London,UK,Basic,2020-03-04,Sci-Fi,Desktop
322,66,Female,Mumbai,India,Free,2020-09-15,Action,Smart TV
323,57,Female,Berlin,Germany,Premium,2022-02-23,Thriller,Mobile
324,25,Non-binary,Melbourne,Australia,Family,2025-04-27,Comedy,Laptop
325,64,Male,Toronto,Canada,Basic,2022-12-20,Comedy,Tablet
326,57,Female,London,UK,Basic,2020-08-20,Action,Smart TV
327,49,Female,Toronto,Canada,Free,2021-06-20,Historical Drama,Laptop
328,44,Male,Delhi,India,Premium,2023-11-22,Drama,Smart TV
329,24,Male,Los Angeles,USA,Family,2020-12-19,Romance,Tablet
330,67,Non-binary,Los Angeles,USA,Premium,2023-09-29,Comedy,Mobile
331,50,Female,Sydney,Australia,Premium,2024-10-09,Sci-Fi,Smart TV
332,39,Non-binary,Berlin,Germany,Basic,2020-09-05,Sci-Fi,Smart TV
333,66,Female,Houston,USA,Free,2022-01-09,Thriller,Desktop
334,45,Non-binary,London,UK,Basic,2023-06-07,Action,Mobile
335,41,Non-binary,Phoenix,USA,Family,2022-12-12,Drama,Tablet
336,52,Male,Paris,France,Basic,2021-10-11,Romance,Mobile
337,45,Non-binary,Toronto,Canada,Premium,2020-09-19,Historical Drama,Desktop
338,53,Male,Mumbai,India,Basic,2022-06-05,Thriller,Mobile
339,23,Non-binary,Paris,France,Basic,2021-09-14,Sci-Fi,Smart TV
340,61,Male,London,UK,Premium,2025-04-24,Thriller,Laptop
341,21,Female,Paris,France,Basic,2023-07-24,Thriller,Laptop
342,56,Female,Chicago,USA,Free,2022-10-26,Romance,Smart TV
343,53,Male,Melbourne,Australia,Basic,2023-09-11,Thriller,Desktop
344,69,Non-binary,London,UK,Free,2024-08-17,Historical Drama,Mobile
345,18,Non-binary,Los Angeles,USA,Premium,2023-08-26,Sci-Fi,Desktop
346,55,Non-binary,Manchester,UK,Free,2022-10-16,Romance,Desktop
347,57,Female,Phoenix,USA,Family,2021-05-16,Historical Drama,Tablet
348,45,Male,Phoenix,USA,Free,2020-11-19,Drama,Tablet
349,45,Male,Toronto,Canada,Premium,2023-05-27,Sci-Fi,Laptop
350,61,Female,Paris,France,Premium,2022-03-27,Sci-Fi,Laptop
351,51,Male,Sydney,Australia,Premium,2021-05-10,Drama,Mobile
352,44,Male,Phoenix,USA,Basic,2020-07-17,Action,Laptop
353,71,Non-binary,Manchester,UK,Family,2021-05-23,Historical Drama,Smart TV
354,36,Non-binary,Paris,France,Premium,2021-01-23,Historical Drama,Smart TV
355,48,Female,Toronto,Canada,Family,2024-12-05,Comedy,Tablet
356,21,Female,New York,USA,Family,2021-05-08,Sci-Fi,Desktop
357,19,Male,London,UK,Premium,2022-10-10,Thriller,Tablet
358,50,Male,Phoenix,USA,Free,2022-06-01,Sci-Fi,Laptop
359,39,Female,Delhi,India,Premium,2020-04-02,Drama,Mobile
360,51,Male,Melbourne,Australia,Premium,2023-02-07,Comedy,Mobile
361,48,Female,Manchester,UK,Premium,2024-08-17,Thriller,Desktop
362,24,Male,Los Angeles,USA,Family,2022-02-03,Historical Drama,Laptop
363,39,Male,Sydney,Australia,Basic,2023-05-18,Thriller,Tablet
364,18,Male,Sydney,Australia,Free,2020-10-07,Romance,Laptop
365,46,Non-binary,Berlin,Germany,Family,2020-11-01,Thriller,Desktop
366,36,Non-binary,Chicago,USA,Premium,2020-11-28,Drama,Desktop
367,69,Female,Delhi,India,Premium,2022-11-04,Historical Drama,Desktop
368,47,Non-binary,Sydney,Australia,Premium,2022-08-30,Historical Drama,Mobile
369,37,Non-binary,London,UK,Free,2022-05-03,Thriller,Laptop
370,62,Non-binary,Berlin,Germany,Free,2023-05-07,Drama,Laptop
371,66,Non-binary,Mumbai,India,Basic,2024-01-17,Action,Desktop
372,26,Non-binary,Toronto,Canada,Family,2020-10-29,Historical Drama,Smart TV
373,52,Non-binary,New York,USA,Free,2021-01-25,Action,Tablet
374,42,Male,London,UK,Family,2023-11-15,Sci-Fi,Tablet
375,65,Non-binary,Sydney,Australia,Family,2024-11-22,Historical Drama,Mobile
376,24,Non-binary,Delhi,India,Basic,2023-02-22,Comedy,Tablet
377,40,Female,Sydney,Australia,Basic,2022-07-30,Thriller,Laptop
378,38,Non-binary,Sydney,Australia,Premium,2023-06-03,Drama,Smart TV
379,33,Non-binary,Houston,USA,Premium,2021-04-05,Comedy,Laptop
380,29,Non-binary,Delhi,India,Family,2021-10-11,Drama,Laptop
381,66,Non-binary,Sydney,Australia,Premium,2021-08-12,Action,Desktop
382,50,Female,Mumbai,India,Family,2024-08-03,Comedy,Smart TV
383,18,Female,Phoenix,USA,Free,2021-12-10,Drama,Laptop
384,46,Male,Delhi,India,Basic,2024-08-22,Thriller,Laptop
385,51,Non-binary,Tokyo,Japan,Premium,2020-10-08,Action,Desktop
386,53,Male,Delhi,India,Basic,2020-04-13,Romance,Desktop
387,56,Male,Houston,USA,Free,2020-07-24,Drama,Laptop
388,46,Male,Delhi,India,Basic,2020-01-11,Thriller,Smart TV
389,57,Female,Manchester,UK,Family,2023-08-25,Sci-Fi,Laptop
390,34,Non-binary,London,UK,Free,2025-02-02,Historical Drama,Mobile
391,52,Male,Mumbai,India,Free,2025-02-13,Sci-Fi,Tablet
392,69,Male,Tokyo,Japan,Free,2024-09-08,Drama,Tablet
393,63,Female,Chicago,USA,Free,2020-01-19,Comedy,Desktop
394,22,Female,Melbourne,Australia,Premium,2022-07-19,Romance,Desktop
395,47,Male,Sydney,Australia,Family,2021-07-12,Sci-Fi,Mobile
396,26,Non-binary,London,UK,Family,2023-08-20,Comedy,Smart TV
397,63,Female,New York,USA,Premium,2023-03-08,Romance,Smart TV
398,55,Non-binary,Chicago,USA,Family,2024-08-20,Drama,Desktop
399,21,Female,London,UK,Free,2021-01-13,Sci-Fi,Tablet
400,31,Male,London,UK,Premium,2022-02-24,Sci-Fi,Tablet
401,33,Female,Berlin,Germany,Premium,2023-04-07,Romance,Desktop
402,32,Non-binary,New York,USA,Premium,2023-11-19,Sci-Fi,Mobile
403,23,Female,Mumbai,India,Premium,2020-11-23,Drama,Desktop
404,72,Non-binary,Tokyo,Japan,Premium,2023-11-14,Action,Laptop
405,55,Male,London,UK,Basic,2020-09-30,Drama,Smart TV
406,63,Non-binary,Toronto,Canada,Premium,2022-05-01,Romance,Desktop
407,46,Non-binary,Tokyo,Japan,Basic,2024-04-09,Sci-Fi,Desktop
408,66,Male,Paris,France,Family,2022-12-17,Romance,Laptop
409,52,Male,Los Angeles,USA,Free,2024-08-24,Thriller,Desktop
410,52,Non-binary,Houston,USA,Basic,2020-12-02,Comedy,Desktop
411,23,Non-binary,Toronto,Canada,Basic,2024-01-08,Thriller,Tablet
412,48,Female,Los Angeles,USA,Free,2022-07-17,Sci-Fi,Desktop
413,45,Non-binary,Manchester,UK,Free,2023-02-18,Drama,Laptop
414,17,Female,Delhi,India,Premium,2024-07-30,Action,Smart TV
415,20,Male,Melbourne,Australia,Family,2021-12-06,Romance,Mobile
416,19,Male,Sydney,Australia,Family,2020-03-05,Comedy,Tablet
417,65,Male,Chicago,USA,Family,2022-02-05,Drama,Tablet
418,40,Female,Paris,France,Free,2023-10-30,Romance,Desktop
419,57,Female,Chicago,USA,Free,2020-12-31,Thriller,Tablet
420,24,Non-binary,Sydney,Australia,Basic,2024-09-05,Action,Mobile
421,45,Non-binary,Phoenix,USA,Family,2022-12-25,Drama,Smart TV
422,45,Female,Houston,USA,Basic,2021-07-18,Sci-Fi,Mobile
423,67,Non-binary,New York,USA,Family,2023-06-13,Historical Drama,Mobile
424,29,Male,Houston,USA,Free,2023-05-01,Action,Tablet
425,59,Non-binary,Melbourne,Australia,Free,2021-05-16,Romance,Mobile
426,44,Male,Manchester,UK,Basic,2024-03-24,Historical Drama,Mobile
427,48,Female,Chicago,USA,Basic,2024-07-28,Romance,Desktop
428,52,Non-binary,London,UK,Premium,2021-04-30,Comedy,Smart TV
429,49,Male,Mumbai,India,Family,2021-09-07,Comedy,Mobile
430,53,Non-binary,Sydney,Australia,Basic,2023-07-06,Romance,Tablet
431,47,Male,Sydney,Australia,Premium,2025-04-12,Romance,Tablet
432,49,Female,Berlin,Germany,Family,2022-04-16,Sci-Fi,Laptop
433,27,Non-binary,Manchester,UK,Family,2021-05-08,Historical Drama,Smart TV
434,70,Non-binary,Phoenix,USA,Basic,2024-07-08,Drama,Mobile
435,42,Female,Sydney,Australia,Basic,2022-03-06,Sci-Fi,Laptop
436,37,Non-binary,Houston,USA,Free,2025-03-03,Drama,Laptop
437,50,Non-binary,Los Angeles,USA,Basic,2020-04-15,Comedy,Tablet
438,54,Non-binary,Mumbai,India,Free,2024-11-24,Action,Smart TV
439,64,Non-binary,Berlin,Germany,Basic,2022-09-08,Sci-Fi,Laptop
440,16,Male,Phoenix,USA,Basic,2024-02-27,Action,Tablet
441,31,Non-binary,Tokyo,Japan,Basic,2022-03-23,Sci-Fi,Desktop
442,65,Female,London,UK,Family,2022-08-12,Thriller,Laptop
443,32,Female,Phoenix,USA,Family,2022-08-12,Action,Tablet
444,69,Female,Berlin,Germany,Basic,2022-01-29,Comedy,Tablet
445,52,Male,New York,USA,Basic,2020-02-03,Comedy,Desktop
446,53,Non-binary,Tokyo,Japan,Family,2021-08-27,Sci-Fi,Smart TV
447,30,Female,London,UK,Basic,2022-10-19,Thriller,Laptop
448,64,Female,Phoenix,USA,Family,2022-08-01,Sci-Fi,Laptop
449,24,Non-binary,Chicago,USA,Family,2021-01-11,Thriller,Mobile
450,18,Male,Sydney,Australia,Free,2024-04-14,Action,Tablet
451,69,Non-binary,Chicago,USA,Basic,2020-05-19,Romance,Smart TV
452,29,Non-binary,New York,USA,Family,2022-02-03,Action,Desktop
453,58,Non-binary,Mumbai,India,Family,2023-09-12,Drama,Mobile
454,50,Non-binary,New York,USA,Family,2020-01-25,Action,Desktop
455,33,Non-binary,Delhi,India,Premium,2020-02-05,Thriller,Tablet
456,27,Male,Berlin,Germany,Free,2022-12-09,Sci-Fi,Smart TV
457,55,Non-binary,Houston,USA,Premium,2024-07-27,Comedy,Laptop
458,41,Male,Berlin,Germany,Premium,2022-04-11,Drama,Desktop
459,60,Male,Houston,USA,Premium,2023-11-01,Historical Drama,Mobile
460,70,Non-binary,Mumbai,India,Free,2020-07-10,Drama,Tablet
461,51,Female,Manchester,UK,Free,2023-07-28,Action,Smart TV
462,47,Female,Los Angeles,USA,Premium,2023-03-04,Historical Drama,Mobile
463,49,Male,Tokyo,Japan,Basic,2021-03-08,Historical Drama,Desktop
464,33,Male,Toronto,Canada,Free,2023-11-02,Comedy,Desktop
465,58,Male,Melbourne,Australia,Basic,2025-03-17,Historical Drama,Laptop
466,29,Non-binary,New York,USA,Basic,2024-03-20,Historical Drama,Tablet
467,20,Female,Tokyo,Japan,Basic,2023-02-28,Sci-Fi,Desktop
468,70,Female,Paris,France,Premium,2022-02-25,Historical Drama,Smart TV
469,60,Non-binary,Berlin,Germany,Free,2022-10-22,Romance,Laptop
470,22,Female,New York,USA,Basic,2024-09-13,Action,Laptop
471,65,Non-binary,Melbourne,Australia,Family,2024-05-03,Comedy,Mobile
472,33,Female,Mumbai,India,Family,2021-04-12,Comedy,Desktop
473,43,Male,Manchester,UK,Family,2020-06-24,Historical Drama,Desktop
474,67,Male,Phoenix,USA,Free,2020-06-17,Comedy,Smart TV
475,61,Non-binary,Manchester,UK,Basic,2024-02-23,Drama,Laptop
476,22,Male,London,UK,Free,2025-04-15,Comedy,Tablet
477,64,Female,London,UK,Free,2020-09-28,Action,Smart TV
478,44,Non-binary,Manchester,UK,Family,2020-07-30,Action,Mobile
479,51,Male,London,UK,Premium,2024-11-03,Drama,Mobile
480,42,Female,Phoenix,USA,Free,2024-01-24,Thriller,Smart TV
481,49,Male,Melbourne,Australia,Family,2020-12-13,Sci-Fi,Laptop
482,33,Female,Phoenix,USA,Basic,2020-05-09,Sci-Fi,Tablet
483,42,Female,Phoenix,USA,Family,2024-05-21,Action,Laptop
484,31,Non-binary,Phoenix,USA,Family,2023-05-01,Thriller,Smart TV
485,22,Male,Toronto,Canada,Premium,2020-01-14,Drama,Laptop
486,55,Female,Paris,France,Premium,2022-06-20,Comedy,Tablet
487,68,Non-binary,Paris,France,Basic,2021-09-07,Comedy,Desktop
488,28,Female,Delhi,India,Premium,2020-12-29,Drama,Laptop
489,63,Non-binary,Phoenix,USA,Family,2023-03-25,Historical Drama,Smart TV
490,40,Female,London,UK,Family,2022-01-17,Action,Desktop
491,53,Non-binary,Houston,USA,Basic,2023-10-28,Historical Drama,Desktop
492,62,Female,New York,USA,Basic,2022-06-16,Historical Drama,Laptop
493,60,Male,Paris,France,Family,2023-10-10,Drama,Smart TV
494,35,Male,Mumbai,India,Premium,2023-09-10,Sci-Fi,Tablet
495,40,Male,Berlin,Germany,Family,2023-05-09,Drama,Desktop
496,50,Non-binary,Manchester,UK,Family,2023-01-18,Action,Laptop
497,67,Non-binary,Delhi,India,Free,2020-08-11,Historical Drama,Smart TV
498,58,Female,Mumbai,India,Basic,2023-08-18,Thriller,Mobile
499,57,Non-binary,Melbourne,Australia,Family,2024-03-21,Comedy,Tablet
500,16,Male,Los Angeles,USA,Premium,2021-03-30,Thriller,Desktop
501,53,Non-binary,Sydney,Australia,Basic,2022-07-01,Comedy,Tablet
502,65,Non-binary,Toronto,Canada,Basic,2021-12-07,Action,Tablet
503,34,Female,Los Angeles,USA,Free,2020-08-25,Historical Drama,Smart TV
504,35,Female,London,UK,Family,2024-05-25,Sci-Fi,Desktop
505,38,Female,Toronto,Canada,Free,2022-06-16,Romance,Tablet
506,20,Female,London,UK,Free,2024-07-17,Romance,Mobile
507,70,Female,New York,USA,Free,2023-10-18,Historical Drama,Smart TV
508,63,Male,Tokyo,Japan,Basic,2023-02-04,Sci-Fi,Laptop
509,43,Female,Sydney,Australia,Basic,2024-06-21,Drama,Smart TV
510,56,Non-binary,Chicago,USA,Family,2022-03-21,Action,Desktop
511,28,Female,Tokyo,Japan,Family,2022-03-07,Action,Smart TV
512,33,Non-binary,Houston,USA,Free,2023-03-28,Action,Desktop
513,39,Female,Chicago,USA,Basic,2022-07-26,Action,Laptop
514,71,Female,Mumbai,India,Premium,2023-05-07,Drama,Desktop
515,53,Male,Manchester,UK,Premium,2021-12-21,Historical Drama,Tablet
516,27,Non-binary,Melbourne,Australia,Premium,2025-02-24,Thriller,Desktop
517,59,Male,Los Angeles,USA,Premium,2020-08-29,Sci-Fi,Laptop
518,27,Female,Los Angeles,USA,Basic,2022-11-12,Drama,Tablet
519,24,Non-binary,Melbourne,Australia,Family,2022-05-16,Sci-Fi,Tablet
520,50,Non-binary,Mumbai,India,Basic,2023-02-10,Sci-Fi,Tablet
521,24,Male,Phoenix,USA,Premium,2024-09-20,Drama,Desktop
522,71,Female,New York,USA,Free,2022-09-19,Sci-Fi,Smart TV
523,40,Non-binary,Paris,France,Family,2022-04-17,Romance,Tablet
524,61,Female,Manchester,UK,Family,2020-12-08,Action,Desktop
525,66,Male,New York,USA,Premium,2020-03-07,Comedy,Smart TV
526,34,Male,Sydney,Australia,Family,2023-03-04,Romance,Tablet
527,48,Male,Sydney,Australia,Free,2021-07-02,Historical Drama,Desktop
528,39,Non-binary,Paris,France,Free,2024-04-05,Romance,Tablet
529,29,Female,Sydney,Australia,Free,2024-02-16,Historical Drama,Smart TV
530,71,Male,Phoenix,USA,Family,2021-06-22,Comedy,Mobile
531,71,Male,Toronto,Canada,Basic,2021-03-05,Historical Drama,Desktop
532,38,Non-binary,Delhi,India,Family,2020-12-05,Thriller,Smart TV
533,29,Male,Berlin,Germany,Free,2023-03-13,Comedy,Desktop
534,54,Non-binary,Phoenix,USA,Basic,2021-10-24,Romance,Laptop
535,52,Female,Phoenix,USA,Free,2020-10-04,Historical Drama,Tablet
536,19,Female,Tokyo,Japan,Basic,2023-12-07,Historical Drama,Smart TV
537,25,Non-binary,Houston,USA,Premium,2024-08-23,Sci-Fi,Tablet
538,25,Non-binary,Toronto,Canada,Premium,2023-07-09,Drama,Tablet
539,20,Non-binary,Toronto,Canada,Free,2022-04-05,Thriller,Laptop
540,72,Female,Delhi,India,Family,2025-04-30,Drama,Laptop
541,16,Non-binary,Melbourne,Australia,Free,2024-02-05,Drama,Laptop
542,20,Non-binary,Paris,France,Family,2021-03-22,Drama,Smart TV
543,33,Female,Toronto,Canada,Premium,2021-11-22,Thriller,Desktop
544,52,Female,Chicago,USA,Premium,2025-01-05,Romance,Mobile
545,22,Non-binary,New York,USA,Family,2020-02-03,Action,Smart TV
546,45,Male,Toronto,Canada,Family,2021-02-18,Romance,Smart TV
547,57,Female,Tokyo,Japan,Basic,2024-11-25,Comedy,Mobile
548,39,Female,Mumbai,India,Free,2022-01-31,Romance,Smart TV
549,41,Non-binary,New York,USA,Premium,2024-01-26,Romance,Smart TV
550,57,Male,Manchester,UK,Free,2020-01-03,Sci-Fi,Tablet
551,24,Non-binary,Los Angeles,USA,Basic,2022-11-29,Romance,Tablet
552,16,Non-binary,New York,USA,Premium,2024-07-31,Action,Tablet
553,24,Female,Delhi,India,Free,2021-04-13,Drama,Mobile
554,67,Male,Delhi,India,Free,2021-10-03,Comedy,Laptop
555,40,Male,Chicago,USA,Basic,2020-05-20,Thriller,Desktop
556,55,Non-binary,New York,USA,Basic,2022-06-20,Comedy,Smart TV
557,63,Male,Mumbai,India,Family,2023-06-15,Romance,Tablet
558,29,Male,Paris,France,Free,2020-10-13,Historical Drama,Mobile
559,62,Female,Melbourne,Australia,Premium,2022-05-29,Comedy,Smart TV
560,33,Non-binary,Houston,USA,Free,2021-05-23,Thriller,Desktop
561,62,Non-binary,Melbourne,Australia,Premium,2024-05-14,Romance,Mobile
562,70,Non-binary,Paris,France,Premium,2021-02-24,Thriller,Desktop
563,28,Non-binary,Sydney,Australia,Family,2021-08-28,Romance,Mobile
564,66,Male,Berlin,Germany,Family,2022-03-01,Action,Smart TV
565,56,Non-binary,Toronto,Canada,Free,2022-12-17,Action,Laptop
566,36,Male,Tokyo,Japan,Family,2024-10-28,Historical Drama,Desktop
567,39,Non-binary,Manchester,UK,Basic,2024-04-11,Drama,Mobile
568,53,Male,New York,USA,Free,2021-06-20,Sci-Fi,Mobile
569,19,Female,Tokyo,Japan,Premium,2023-07-11,Romance,Desktop
570,42,Female,Berlin,Germany,Family,2020-06-17,Romance,Desktop
571,55,Male,Sydney,Australia,Premium,2020-06-20,Comedy,Mobile
572,29,Male,Sydney,Australia,Premium,2022-03-11,Thriller,Mobile
573,60,Female,Phoenix,USA,Basic,2020-04-28,Sci-Fi,Mobile
574,43,Male,Tokyo,Japan,Family,2023-06-07,Thriller,Mobile
575,58,Non-binary,Phoenix,USA,Basic,2020-09-01,Action,Smart TV
576,16,Male,Delhi,India,Family,2021-12-11,Thriller,Desktop
577,68,Non-binary,Berlin,Germany,Premium,2020-12-07,Comedy,Smart TV
578,65,Female,Delhi,India,Free,2024-04-28,Action,Laptop
579,43,Female,Berlin,Germany,Free,2021-06-22,Romance,Desktop
580,20,Female,Mumbai,India,Family,2022-11-12,Comedy,Mobile
581,70,Non-binary,Toronto,Canada,Basic,2022-01-23,Sci-Fi,Laptop
582,22,Non-binary,Berlin,Germany,Free,2021-04-12,Romance,Desktop
583,18,Male,New York,USA,Basic,2020-04-04,Drama,Laptop
584,25,Male,Manchester,UK,Free,2023-02-06,Historical Drama,Tablet
585,36,Male,Houston,USA,Family,2025-02-18,Romance,Laptop
586,68,Male,Phoenix,USA,Premium,2020-09-01,Thriller,Mobile
587,30,Non-binary,Chicago,USA,Free,2022-04-01,Action,Tablet
588,34,Female,Paris,France,Premium,2020-06-25,Thriller,Tablet
589,39,Male,New York,USA,Premium,2023-02-28,Historical Drama,Laptop
590,55,Male,Delhi,India,Family,2022-01-24,Thriller,Tablet
591,65,Male,Berlin,Germany,Basic,2020-11-04,Action,Tablet
592,30,Non-binary,New York,USA,Premium,2023-07-26,Historical Drama,Mobile
593,16,Non-binary,London,UK,Family,2024-10-04,Romance,Laptop
594,29,Non-binary,Los Angeles,USA,Basic,2022-05-09,Drama,Mobile
595,61,Female,Chicago,USA,Free,2020-03-30,Sci-Fi,Desktop
596,60,Female,Manchester,UK,Family,2024-03-11,Action,Desktop
597,48,Male,Los Angeles,USA,Family,2020-06-02,Thriller,Desktop
598,43,Non-binary,New York,USA,Basic,2021-04-29,Comedy,Laptop
599,36,Female,Paris,France,Premium,2021-10-13,Drama,Laptop
600,20,Male,Houston,USA,Basic,2024-05-16,Historical Drama,Desktop
601,25,Male,Los Angeles,USA,Basic,2022-07-09,Drama,Laptop
602,23,Non-binary,Manchester,UK,Premium,2024-04-26,Sci-Fi,Tablet
603,45,Female,Phoenix,USA,Free,2020-07-04,Sci-Fi,Laptop
604,61,Non-binary,Paris,France,Free,2021-03-16,Historical Drama,Laptop
605,21,Non-binary,Chicago,USA,Basic,2021-12-29,Drama,Desktop
606,59,Female,New York,USA,Premium,2024-08-06,Sci-Fi,Mobile
607,70,Female,Manchester,UK,Basic,2020-07-12,Drama,Mobile
608,66,Male,Berlin,Germany,Free,2020-01-25,Action,Smart TV
609,28,Female,Chicago,USA,Premium,2023-11-06,Romance,Mobile
610,53,Female,Melbourne,Australia,Free,2020-02-14,Action,Smart TV
611,57,Female,Tokyo,Japan,Basic,2020-07-07,Historical Drama,Laptop
612,18,Female,Los Angeles,USA,Free,2020-12-10,Thriller,Tablet
613,62,Female,Paris,France,Family,2020-03-01,Drama,Tablet
614,38,Male,Chicago,USA,Basic,2021-07-17,Comedy,Tablet
615,25,Male,Tokyo,Japan,Basic,2023-08-18,Comedy,Tablet
616,72,Non-binary,Manchester,UK,Family,2020-05-04,Action,Laptop
617,24,Female,Manchester,UK,Basic,2023-08-09,Historical Drama,Desktop
618,56,Non-binary,Houston,USA,Free,2022-02-22,Historical Drama,Laptop
619,50,Female,Toronto,Canada,Premium,2025-02-12,Thriller,Desktop
620,40,Female,London,UK,Basic,2020-02-23,Comedy,Desktop
621,17,Female,Houston,USA,Free,2024-07-14,Drama,Desktop
622,65,Non-binary,London,UK,Basic,2020-11-22,Action,Smart TV
623,31,Female,Mumbai,India,Free,2024-04-13,Sci-Fi,Desktop
624,67,Female,Paris,France,Premium,2025-03-30,Historical Drama,Smart TV
625,31,Non-binary,Chicago,USA,Premium,2024-07-09,Romance,Laptop
626,53,Male,Tokyo,Japan,Premium,2025-04-24,Thriller,Desktop
627,52,Male,Chicago,USA,Family,2023-01-15,Comedy,Smart TV
628,18,Male,Toronto,Canada,Free,2021-04-21,Thriller,Smart TV
629,49,Female,New York,USA,Free,2021-11-10,Thriller,Smart TV
630,24,Female,Berlin,Germany,Basic,2025-02-24,Historical Drama,Laptop
631,17,Male,New York,USA,Basic,2024-05-04,Action,Desktop
632,39,Male,Paris,France,Premium,2023-12-13,Romance,Tablet
633,22,Female,Melbourne,Australia,Premium,2021-10-22,Sci-Fi,Smart TV
634,43,Non-binary,Delhi,India,Family,2023-08-22,Comedy,Smart TV
635,51,Non-binary,Delhi,India,Premium,2021-04-02,Romance,Desktop
636,27,Female,Paris,France,Premium,2024-02-12,Romance,Laptop
637,27,Non-binary,Chicago,USA,Free,2025-04-27,Romance,Desktop
638,70,Non-binary,Manchester,UK,Free,2021-01-07,Thriller,Laptop
639,67,Non-binary,Tokyo,Japan,Basic,2023-08-02,Thriller,Mobile
640,47,Male,Tokyo,Japan,Premium,2024-03-06,Action,Smart TV
641,36,Male,London,UK,Free,2024-08-09,Romance,Laptop
642,16,Female,Toronto,Canada,Basic,2021-05-26,Romance,Mobile
643,32,Male,London,UK,Free,2020-04-08,Drama,Tablet
644,42,Male,Delhi,India,Family,2022-10-06,Drama,Laptop
645,40,Male,Sydney,Australia,Family,2024-06-03,Historical Drama,Desktop
646,64,Non-binary,Mumbai,India,Basic,2020-11-29,Drama,Mobile
647,70,Male,Berlin,Germany,Premium,2020-02-11,Comedy,Laptop
648,20,Female,Los Angeles,USA,Basic,2024-12-23,Drama,Smart TV
649,20,Non-binary,Delhi,India,Free,2021-11-23,Thriller,Desktop
650,46,Non-binary,Tokyo,Japan,Free,2022-06-02,Romance,Smart TV
651,72,Female,Melbourne,Australia,Basic,2020-04-19,Action,Laptop
652,28,Female,Houston,USA,Premium,2023-09-14,Comedy,Laptop
653,22,Male,Houston,USA,Family,2023-03-16,Thriller,Tablet
654,19,Female,Chicago,USA,Free,2022-05-25,Action,Laptop
655,58,Non-binary,Paris,France,Family,2021-02-12,Action,Mobile
656,26,Non-binary,Houston,USA,Premium,2020-06-16,Drama,Mobile
657,66,Female,Phoenix,USA,Family,2022-09-28,Romance,Laptop
658,57,Non-binary,Los Angeles,USA,Family,2021-01-13,Comedy,Tablet
659,27,Female,London,UK,Free,2021-06-23,Drama,Tablet
660,30,Female,Phoenix,USA,Free,2020-11-05,Historical Drama,Mobile
661,58,Female,Los Angeles,USA,Family,2024-03-29,Thriller,Smart TV
662,19,Female,Sydney,Australia,Family,2023-01-01,Romance,Tablet
663,72,Male,Melbourne,Australia,Family,2021-09-04,Action,Tablet
664,70,Non-binary,Tokyo,Japan,Free,2022-10-25,Thriller,Desktop
665,52,Non-binary,Berlin,Germany,Basic,2020-09-03,Historical Drama,Tablet
666,26,Male,Chicago,USA,Basic,2020-09-15,Action,Tablet
667,59,Female,Los Angeles,USA,Basic,2024-08-11,Romance,Smart TV
668,54,Female,Paris,France,Premium,2025-02-08,Romance,Mobile
669,40,Non-binary,Los Angeles,USA,Family,2023-02-04,Comedy,Laptop
670,45,Male,Sydney,Australia,Family,2020-08-18,Drama,Smart TV
671,52,Non-binary,Chicago,USA,Free,2025-03-09,Action,Desktop
672,22,Female,Berlin,Germany,Premium,2024-12-02,Drama,Laptop
673,57,Female,Manchester,UK,Family,2020-03-17,Sci-Fi,Laptop
674,25,Non-binary,Manchester,UK,Family,2020-03-20,Drama,Laptop
675,31,Male,Delhi,India,Family,2025-02-28,Comedy,Laptop
676,37,Female,New York,USA,Premium,2021-07-28,Historical Drama,Tablet
677,60,Non-binary,Paris,France,Free,2024-11-14,Sci-Fi,Smart TV
678,63,Female,Phoenix,USA,Premium,2021-07-05,Romance,Tablet
679,57,Male,Melbourne,Australia,Basic,2022-06-23,Sci-Fi,Tablet
680,47,Non-binary,Delhi,India,Premium,2024-08-08,Action,Desktop
681,26,Male,Berlin,Germany,Premium,2023-12-24,Thriller,Tablet
682,65,Non-binary,Chicago,USA,Free,2020-12-21,Sci-Fi,Smart TV
683,19,Male,Paris,France,Free,2022-07-23,Action,Laptop
684,28,Female,Delhi,India,Premium,2024-08-13,Drama,Desktop
685,56,Male,Manchester,UK,Free,2021-05-10,Comedy,Tablet
686,44,Male,Melbourne,Australia,Family,2023-04-16,Thriller,Laptop
687,26,Female,London,UK,Free,2021-08-06,Action,Tablet
688,26,Non-binary,New York,USA,Basic,2024-10-21,Sci-Fi,Smart TV
689,29,Female,Mumbai,India,Family,2022-11-17,Action,Mobile
690,24,Non-binary,Toronto,Canada,Basic,2023-05-16,Historical Drama,Mobile
691,32,Non-binary,Houston,USA,Premium,2023-12-30,Romance,Laptop
692,40,Female,Manchester,UK,Family,2021-05-31,Sci-Fi,Tablet
693,59,Non-binary,Phoenix,USA,Family,2023-04-12,Action,Mobile
694,58,Female,Sydney,Australia,Premium,2021-09-03,Romance,Mobile
695,20,Female,Toronto,Canada,Premium,2023-08-04,Comedy,Laptop
696,57,Non-binary,Phoenix,USA,Premium,2021-01-20,Sci-Fi,Desktop
697,31,Male,Berlin,Germany,Family,2023-09-14,Comedy,Smart TV
698,17,Non-binary,Delhi,India,Family,2021-08-28,Comedy,Tablet
699,40,Non-binary,Manchester,UK,Free,2023-04-09,Romance,Desktop
700,28,Female,Paris,France,Basic,2023-11-06,Thriller,Tablet
701,58,Female,Tokyo,Japan,Premium,2024-09-27,Sci-Fi,Desktop
702,34,Male,Chicago,USA,Family,2020-09-19,Romance,Laptop
703,67,Non-binary,Delhi,India,Basic,2025-04-23,Romance,Laptop
704,21,Male,Mumbai,India,Premium,2021-04-02,Romance,Laptop
705,66,Female,Manchester,UK,Premium,2021-06-17,Thriller,Laptop
706,70,Male,Toronto,Canada,Family,2020-04-19,Historical Drama,Desktop
707,55,Male,Melbourne,Australia,Family,2024-12-26,Sci-Fi,Desktop
708,71,Non-binary,Los Angeles,USA,Family,2022-12-21,Comedy,Tablet
709,71,Male,New York,USA,Basic,2021-02-14,Comedy,Tablet
710,45,Male,Melbourne,Australia,Premium,2024-11-01,Romance,Smart TV
711,21,Female,Berlin,Germany,Premium,2023-07-16,Sci-Fi,Laptop
712,19,Male,Mumbai,India,Family,2021-07-14,Sci-Fi,Smart TV
713,64,Male,Melbourne,Australia,Family,2024-05-27,Historical Drama,Mobile
714,55,Female,Chicago,USA,Family,2022-04-06,Drama,Tablet
715,16,Male,Manchester,UK,Basic,2024-02-05,Comedy,Mobile
716,36,Non-binary,Tokyo,Japan,Basic,2020-02-06,Romance,Mobile
717,62,Male,Mumbai,India,Basic,2023-11-21,Comedy,Laptop
718,22,Female,Chicago,USA,Premium,2020-12-08,Action,Mobile
719,34,Female,Phoenix,USA,Premium,2022-06-07,Romance,Smart TV
720,47,Female,London,UK,Basic,2020-12-03,Historical Drama,Tablet
721,30,Male,New York,USA,Basic,2021-03-08,Romance,Mobile
722,48,Male,Melbourne,Australia,Free,2022-01-20,Romance,Mobile
723,72,Non-binary,Manchester,UK,Premium,2024-04-28,Thriller,Desktop
724,54,Male,New York,USA,Free,2023-08-31,Historical Drama,Mobile
725,60,Male,New York,USA,Family,2022-06-28,Drama,Mobile
726,32,Female,Sydney,Australia,Basic,2021-02-24,Romance,Mobile
727,42,Non-binary,Phoenix,USA,Free,2023-09-18,Thriller,Laptop
728,54,Non-binary,Melbourne,Australia,Basic,2022-05-07,Historical Drama,Mobile
729,62,Non-binary,Sydney,Australia,Free,2021-08-01,Action,Mobile
730,28,Non-binary,Toronto,Canada,Basic,2024-05-12,Comedy,Desktop
731,38,Non-binary,Houston,USA,Family,2021-08-27,Sci-Fi,Mobile
732,47,Male,Sydney,Australia,Family,2021-11-08,Sci-Fi,Mobile
733,58,Male,New York,USA,Free,2024-09-06,Thriller,Tablet
734,21,Non-binary,Chicago,USA,Free,2024-01-21,Romance,Mobile
735,32,Non-binary,Tokyo,Japan,Basic,2022-07-24,Comedy,Laptop
736,19,Male,Toronto,Canada,Basic,2024-11-25,Action,Laptop
737,67,Non-binary,London,UK,Premium,2022-05-22,Romance,Mobile
738,70,Male,Los Angeles,USA,Free,2024-10-10,Sci-Fi,Smart TV
739,38,Female,London,UK,Premium,2024-12-04,Romance,Mobile
740,68,Female,London,UK,Basic,2020-08-21,Drama,Tablet
741,33,Female,Toronto,Canada,Family,2024-06-26,Drama,Smart TV
742,24,Non-binary,Los Angeles,USA,Free,2025-04-14,Historical Drama,Smart TV
743,42,Non-binary,Los Angeles,USA,Family,2024-07-01,Thriller,Tablet
744,55,Female,Chicago,USA,Premium,2023-06-06,Action,Smart TV
745,47,Male,Toronto,Canada,Family,2022-06-21,Action,Mobile
746,57,Female,Phoenix,USA,Free,2023-12-13,Historical Drama,Desktop
747,63,Non-binary,Berlin,Germany,Basic,2023-10-03,Historical Drama,Laptop
748,49,Non-binary,Sydney,Australia,Free,2022-06-05,Romance,Smart TV
749,38,Non-binary,Toronto,Canada,Family,2020-10-31,Historical Drama,Desktop
750,55,Male,Tokyo,Japan,Free,2023-08-10,Sci-Fi,Desktop
751,46,Female,Paris,France,Basic,2020-06-02,Historical Drama,Tablet
752,31,Female,London,UK,Premium,2020-04-13,Thriller,Smart TV
753,57,Female,Sydney,Australia,Family,2024-07-31,Sci-Fi,Mobile
754,44,Non-binary,Toronto,Canada,Family,2020-06-29,Historical Drama,Tablet
755,36,Male,Toronto,Canada,Family,2024-03-06,Romance,Mobile
756,41,Female,Los Angeles,USA,Free,2023-02-15,Thriller,Mobile
757,21,Non-binary,Paris,France,Premium,2024-12-27,Thriller,Desktop
758,57,Non-binary,Houston,USA,Family,2025-04-30,Comedy,Laptop
759,19,Male,Paris,France,Family,2021-11-10,Thriller,Desktop
760,46,Non-binary,Melbourne,Australia,Premium,2024-01-06,Drama,Mobile
761,64,Non-binary,Los Angeles,USA,Basic,2020-01-05,Comedy,Laptop
762,56,Female,Paris,France,Premium,2023-12-08,Action,Mobile
763,26,Female,Tokyo,Japan,Basic,2024-08-10,Romance,Tablet
764,32,Non-binary,Los Angeles,USA,Basic,2021-01-19,Action,Tablet
765,45,Male,Houston,USA,Premium,2020-08-08,Historical Drama,Tablet
766,56,Non-binary,New York,USA,Free,2024-04-30,Drama,Tablet
767,53,Non-binary,Mumbai,India,Basic,2022-10-18,Action,Desktop
768,19,Non-binary,Delhi,India,Family,2024-09-13,Thriller,Tablet
769,48,Male,Tokyo,Japan,Basic,2024-02-05,Historical Drama,Smart TV
770,40,Non-binary,Los Angeles,USA,Premium,2022-10-29,Drama,Tablet
771,60,Male,Melbourne,Australia,Premium,2022-03-25,Comedy,Laptop
772,67,Male,Toronto,Canada,Basic,2022-04-25,Thriller,Desktop
773,69,Non-binary,Phoenix,USA,Premium,2023-12-28,Romance,Desktop
774,29,Male,Mumbai,India,Basic,2023-07-02,Romance,Laptop
775,38,Non-binary,Mumbai,India,Basic,2023-12-25,Romance,Smart TV
776,50,Non-binary,Sydney,Australia,Premium,2023-12-25,Action,Laptop
777,46,Non-binary,Sydney,Australia,Family,2023-10-12,Romance,Desktop
778,72,Female,Phoenix,USA,Free,2022-12-06,Action,Mobile
779,25,Male,Manchester,UK,Free,2021-02-13,Comedy,Smart TV
780,59,Female,Phoenix,USA,Basic,2024-09-15,Action,Laptop
781,64,Non-binary,Houston,USA,Free,2022-01-04,Historical Drama,Tablet
782,55,Non-binary,Los Angeles,USA,Basic,2024-02-29,Romance,Desktop
783,31,Non-binary,Manchester,UK,Premium,2023-11-20,Romance,Mobile
784,40,Female,Tokyo,Japan,Family,2024-06-02,Romance,Laptop
785,19,Male,Sydney,Australia,Premium,2021-02-19,Thriller,Tablet
786,30,Non-binary,Paris,France,Premium,2024-03-26,Thriller,Desktop
787,54,Male,Delhi,India,Basic,2021-08-25,Drama,Smart TV
788,20,Male,Mumbai,India,Basic,2024-02-14,Thriller,Mobile
789,18,Female,Manchester,UK,Premium,2023-02-13,Comedy,Smart TV
790,53,Female,Chicago,USA,Free,2021-11-07,Drama,Smart TV
791,25,Female,New York,USA,Free,2024-05-03,Romance,Desktop
792,58,Female,Paris,France,Family,2024-06-05,Thriller,Desktop
793,20,Non-binary,London,UK,Premium,2022-12-12,Sci-Fi,Smart TV
794,20,Non-binary,Sydney,Australia,Basic,2022-05-01,Thriller,Desktop
795,21,Female,Manchester,UK,Basic,2024-12-14,Sci-Fi,Laptop
796,39,Female,London,UK,Basic,2025-04-30,Historical Drama,Desktop
797,46,Non-binary,Sydney,Australia,Free,2020-08-22,Romance,Laptop
798,31,Non-binary,Toronto,Canada,Basic,2020-03-22,Romance,Laptop
799,66,Male,Manchester,UK,Family,2021-06-09,Thriller,Laptop
800,49,Female,New York,USA,Family,2022-09-23,Action,Laptop
801,57,Male,Tokyo,Japan,Premium,2022-11-18,Action,Mobile
802,65,Non-binary,Chicago,USA,Free,2023-07-07,Action,Smart TV
803,56,Male,Mumbai,India,Family,2024-09-07,Action,Smart TV
804,69,Non-binary,Sydney,Australia,Family,2023-08-17,Historical Drama,Mobile
805,59,Male,Delhi,India,Free,2022-07-29,Romance,Laptop
806,21,Male,New York,USA,Free,2020-12-30,Historical Drama,Laptop
807,20,Non-binary,Sydney,Australia,Basic,2025-02-08,Comedy,Tablet
808,44,Non-binary,Manchester,UK,Family,2022-06-05,Comedy,Mobile
809,59,Male,Manchester,UK,Free,2023-08-06,Romance,Desktop
810,64,Non-binary,Los Angeles,USA,Free,2023-12-06,Historical Drama,Mobile
811,48,Male,London,UK,Premium,2024-05-30,Romance,Laptop
812,21,Female,Melbourne,Australia,Family,2022-02-20,Drama,Mobile
813,26,Non-binary,Toronto,Canada,Basic,2020-10-06,Romance,Tablet
814,67,Non-binary,Berlin,Germany,Premium,2023-07-22,Sci-Fi,Laptop
815,72,Non-binary,Mumbai,India,Premium,2025-04-28,Action,Desktop
816,51,Male,Paris,France,Free,2020-03-26,Action,Desktop
817,41,Non-binary,Melbourne,Australia,Free,2021-09-16,Sci-Fi,Laptop
818,42,Non-binary,Houston,USA,Basic,2020-11-25,Sci-Fi,Smart TV
819,69,Female,Melbourne,Australia,Basic,2020-08-22,Sci-Fi,Desktop
820,19,Non-binary,Paris,France,Family,2023-08-13,Thriller,Mobile
821,58,Male,Phoenix,USA,Premium,2020-07-20,Sci-Fi,Desktop
822,37,Female,Toronto,Canada,Basic,2023-10-06,Romance,Smart TV
823,34,Non-binary,Los Angeles,USA,Free,2025-01-17,Sci-Fi,Laptop
824,44,Female,Toronto,Canada,Premium,2023-11-21,Thriller,Smart TV
825,52,Female,Melbourne,Australia,Premium,2022-05-27,Sci-Fi,Mobile
826,31,Male,London,UK,Family,2021-07-20,Historical Drama,Laptop
827,59,Non-binary,Chicago,USA,Premium,2024-12-02,Drama,Tablet
828,38,Female,Toronto,Canada,Family,2023-02-03,Action,Smart TV
829,54,Male,Mumbai,India,Premium,2024-10-24,Historical Drama,Smart TV
830,50,Male,Tokyo,Japan,Premium,2024-02-11,Romance,Mobile
831,20,Male,Delhi,India,Free,2024-07-22,Thriller,Desktop
832,65,Non-binary,Manchester,UK,Basic,2025-01-30,Action,Desktop
833,50,Non-binary,Phoenix,USA,Family,2023-09-01,Historical Drama,Smart TV
834,41,Male,London,UK,Premium,2020-10-01,Drama,Desktop
835,21,Female,Sydney,Australia,Premium,2022-10-25,Action,Smart TV
836,67,Non-binary,Paris,France,Basic,2024-03-30,Thriller,Smart TV
837,26,Male,Toronto,Canada,Basic,2024-02-16,Romance,Tablet
838,18,Male,London,UK,Family,2021-04-19,Action,Laptop
839,30,Male,London,UK,Basic,2022-11-26,Historical Drama,Laptop
840,46,Female,Manchester,UK,Free,2020-03-22,Romance,Laptop
841,61,Non-binary,Los Angeles,USA,Premium,2024-09-05,Romance,Laptop
842,50,Non-binary,Melbourne,Australia,Basic,2022-02-10,Romance,Tablet
843,53,Non-binary,London,UK,Free,2022-11-24,Comedy,Tablet
844,30,Non-binary,Tokyo,Japan,Family,2021-12-23,Historical Drama,Laptop
845,66,Female,Toronto,Canada,Free,2022-10-24,Sci-Fi,Tablet
846,30,Male,Chicago,USA,Premium,2021-03-09,Sci-Fi,Smart TV
847,39,Non-binary,Chicago,USA,Free,2023-09-15,Sci-Fi,Tablet
848,37,Non-binary,Berlin,Germany,Free,2022-09-13,Romance,Tablet
849,29,Non-binary,Toronto,Canada,Basic,2023-08-18,Historical Drama,Tablet
850,31,Male,New York,USA,Basic,2023-03-20,Thriller,Smart TV
851,56,Non-binary,Chicago,USA,Free,2024-12-29,Thriller,Smart TV
852,26,Female,New York,USA,Basic,2022-11-24,Drama,Desktop
853,56,Male,Melbourne,Australia,Premium,2025-04-23,Action,Smart TV
854,54,Female,Toronto,Canada,Family,2020-12-15,Sci-Fi,Tablet
855,25,Non-binary,Melbourne,Australia,Basic,2023-06-30,Romance,Desktop
856,26,Non-binary,Phoenix,USA,Premium,2025-03-03,Drama,Desktop
857,20,Male,Melbourne,Australia,Family,2022-02-28,Sci-Fi,Mobile
858,28,Non-binary,New York,USA,Family,2024-08-19,Sci-Fi,Desktop
859,27,Female,Los Angeles,USA,Free,2024-12-02,Historical Drama,Desktop
860,64,Male,Sydney,Australia,Free,2022-09-14,Romance,Smart TV
861,54,Non-binary,Tokyo,Japan,Free,2025-01-10,Historical Drama,Tablet
862,42,Female,Sydney,Australia,Free,2023-11-29,Thriller,Tablet
863,67,Female,Houston,USA,Family,2021-12-18,Thriller,Desktop
864,43,Male,Los Angeles,USA,Premium,2022-09-04,Historical Drama,Smart TV
865,70,Male,Tokyo,Japan,Premium,2023-05-10,Thriller,Tablet
866,28,Male,Phoenix,USA,Free,2023-03-29,Thriller,Mobile
867,16,Female,Sydney,Australia,Basic,2023-11-09,Historical Drama,Laptop
868,39,Male,Manchester,UK,Basic,2022-05-22,Romance,Desktop
869,32,Non-binary,Phoenix,USA,Family,2023-03-02,Comedy,Desktop
870,59,Female,Phoenix,USA,Basic,2022-04-26,Thriller,Desktop
871,27,Female,Toronto,Canada,Family,2021-06-03,Comedy,Desktop
872,65,Non-binary,London,UK,Family,2024-02-15,Sci-Fi,Mobile
873,30,Female,Delhi,India,Basic,2020-07-24,Sci-Fi,Desktop
874,66,Female,Manchester,UK,Free,2020-11-25,Drama,Mobile
875,21,Male,Berlin,Germany,Family,2025-03-11,Thriller,Tablet
876,20,Female,Los Angeles,USA,Basic,2022-01-29,Action,Desktop
877,62,Female,New York,USA,Family,2023-06-11,Romance,Desktop
878,61,Non-binary,Phoenix,USA,Free,2025-04-20,Historical Drama,Smart TV
879,47,Female,Mumbai,India,Free,2021-02-17,Historical Drama,Desktop
880,28,Male,Phoenix,USA,Basic,2023-06-13,Sci-Fi,Mobile
881,31,Non-binary,London,UK,Free,2020-11-18,Action,Laptop
882,41,Female,Berlin,Germany,Family,2022-04-10,Thriller,Smart TV
883,16,Non-binary,Sydney,Australia,Free,2025-02-25,Action,Desktop
884,62,Non-binary,Phoenix,USA,Premium,2021-12-12,Historical Drama,Laptop
885,54,Male,Houston,USA,Family,2025-03-19,Drama,Desktop
886,32,Male,New York,USA,Family,2022-11-02,Action,Desktop
887,48,Female,Los Angeles,USA,Premium,2025-04-23,Action,Desktop
888,72,Non-binary,Phoenix,USA,Premium,2023-11-22,Drama,Tablet
889,46,Male,Melbourne,Australia,Premium,2024-05-07,Drama,Tablet
890,53,Male,Tokyo,Japan,Family,2020-08-26,Comedy,Mobile
891,56,Male,Manchester,UK,Basic,2024-06-26,Comedy,Tablet
892,49,Non-binary,London,UK,Free,2023-12-06,Historical Drama,Laptop
893,34,Male,Houston,USA,Family,2023-10-11,Romance,Laptop
894,51,Male,Los Angeles,USA,Family,2021-10-04,Comedy,Smart TV
895,52,Female,Tokyo,Japan,Basic,2025-04-23,Romance,Smart TV
896,63,Male,Toronto,Canada,Basic,2024-02-15,Sci-Fi,Laptop
897,30,Male,Houston,USA,Basic,2024-09-08,Thriller,Laptop
898,65,Male,Chicago,USA,Free,2025-02-27,Action,Tablet
899,16,Non-binary,Melbourne,Australia,Free,2024-10-02,Drama,Laptop
900,36,Female,Melbourne,Australia,Premium,2022-10-02,Sci-Fi,Desktop
901,41,Male,Phoenix,USA,Basic,2020-04-20,Thriller,Tablet
902,50,Male,Toronto,Canada,Premium,2022-03-17,Historical Drama,Smart TV
903,23,Non-binary,Toronto,Canada,Family,2021-10-08,Romance,Mobile
904,59,Male,New York,USA,Family,2023-04-04,Action,Laptop
905,55,Female,London,UK,Basic,2023-01-28,Comedy,Smart TV
906,46,Non-binary,Phoenix,USA,Premium,2022-01-19,Sci-Fi,Tablet
907,29,Female,Manchester,UK,Premium,2022-01-17,Historical Drama,Tablet
908,44,Male,Phoenix,USA,Basic,2023-03-25,Romance,Smart TV
909,22,Non-binary,Paris,France,Premium,2024-07-04,Sci-Fi,Desktop
910,70,Female,Manchester,UK,Basic,2020-10-25,Historical Drama,Smart TV
911,67,Male,Toronto,Canada,Basic,2022-05-13,Drama,Smart TV
912,70,Non-binary,Tokyo,Japan,Premium,2024-05-27,Drama,Laptop
913,51,Non-binary,Phoenix,USA,Free,2022-03-26,Action,Smart TV
914,29,Female,New York,USA,Family,2024-09-14,Romance,Mobile
915,63,Female,Toronto,Canada,Premium,2022-01-09,Comedy,Desktop
916,67,Female,Sydney,Australia,Premium,2020-02-10,Drama,Mobile
917,71,Non-binary,London,UK,Basic,2023-03-27,Thriller,Desktop
918,65,Female,Chicago,USA,Premium,2021-10-27,Romance,Desktop
919,65,Non-binary,Toronto,Canada,Family,2024-12-26,Action,Tablet
920,34,Female,Melbourne,Australia,Basic,2024-11-13,Sci-Fi,Laptop
921,56,Non-binary,Manchester,UK,Family,2024-10-04,Action,Mobile
922,37,Male,Chicago,USA,Premium,2021-10-10,Romance,Laptop
923,33,Non-binary,Delhi,India,Family,2021-07-09,Drama,Laptop
924,53,Non-binary,Delhi,India,Family,2022-04-27,Sci-Fi,Smart TV
925,17,Male,Paris,France,Basic,2023-09-17,Comedy,Mobile
926,26,Female,Houston,USA,Free,2020-07-14,Action,Tablet
927,19,Male,Sydney,Australia,Family,2022-12-09,Historical Drama,Mobile
928,32,Non-binary,Los Angeles,USA,Basic,2020-06-21,Romance,Tablet
929,30,Male,Phoenix,USA,Premium,2022-06-26,Romance,Smart TV
930,49,Male,Chicago,USA,Free,2020-03-12,Romance,Laptop
931,36,Female,Paris,France,Family,2024-11-18,Thriller,Laptop
932,44,Male,Sydney,Australia,Basic,2023-04-25,Thriller,Tablet
933,63,Non-binary,Mumbai,India,Family,2022-12-08,Romance,Desktop
934,38,Female,Phoenix,USA,Basic,2024-07-06,Action,Tablet
935,39,Female,Phoenix,USA,Premium,2020-11-14,Comedy,Mobile
936,49,Male,New York,USA,Premium,2021-08-10,Drama,Desktop
937,60,Female,New York,USA,Family,2021-09-05,Action,Tablet
938,34,Non-binary,Berlin,Germany,Basic,2024-06-19,Action,Desktop
939,28,Female,London,UK,Family,2022-03-19,Sci-Fi,Smart TV
940,63,Non-binary,Delhi,India,Family,2024-08-23,Drama,Smart TV
941,21,Female,Phoenix,USA,Basic,2022-11-24,Historical Drama,Desktop
942,60,Non-binary,Berlin,Germany,Premium,2021-08-06,Romance,Desktop
943,33,Female,Berlin,Germany,Basic,2024-10-13,Action,Smart TV
944,34,Male,Chicago,USA,Family,2023-06-19,Drama,Laptop
945,55,Female,Delhi,India,Basic,2021-10-18,Action,Smart TV
946,50,Male,New York,USA,Basic,2020-07-28,Comedy,Laptop
947,61,Female,Chicago,USA,Free,2021-04-21,Action,Smart TV
948,47,Male,New York,USA,Premium,2022-05-10,Comedy,Tablet
949,45,Non-binary,London,UK,Free,2021-11-07,Action,Smart TV
950,33,Female,New York,USA,Free,2023-01-17,Drama,Smart TV
951,69,Female,Houston,USA,Family,2024-08-23,Action,Mobile
952,61,Male,Berlin,Germany,Family,2024-04-28,Drama,Smart TV
953,18,Male,Delhi,India,Family,2024-02-14,Historical Drama,Mobile
954,58,Male,Sydney,Australia,Family,2022-03-07,Romance,Laptop
955,36,Male,Tokyo,Japan,Free,2024-03-05,Thriller,Desktop
956,32,Female,Los Angeles,USA,Premium,2021-02-10,Comedy,Mobile
957,58,Male,Paris,France,Free,2021-04-28,Romance,Tablet
958,16,Male,London,UK,Premium,2023-04-12,Action,Tablet
959,31,Male,Berlin,Germany,Free,2023-04-05,Historical Drama,Tablet
960,54,Male,Delhi,India,Premium,2024-04-27,Action,Smart TV
961,47,Male,Chicago,USA,Premium,2025-03-21,Historical Drama,Mobile
962,38,Non-binary,New York,USA,Basic,2023-12-07,Thriller,Mobile
963,47,Male,Chicago,USA,Premium,2023-02-17,Historical Drama,Laptop
964,44,Non-binary,Berlin,Germany,Basic,2020-02-13,Romance,Tablet
965,62,Male,London,UK,Premium,2025-01-14,Action,Tablet
966,44,Non-binary,Delhi,India,Premium,2023-01-16,Romance,Tablet
967,52,Male,Houston,USA,Premium,2021-10-24,Romance,Tablet
968,71,Non-binary,Phoenix,USA,Basic,2020-05-21,Thriller,Smart TV
969,34,Female,Toronto,Canada,Premium,2022-07-18,Action,Desktop
970,62,Male,Manchester,UK,Free,2023-06-23,Historical Drama,Laptop
971,55,Male,Berlin,Germany,Premium,2024-01-16,Action,Desktop
972,40,Male,Paris,France,Family,2024-04-17,Thriller,Smart TV
973,34,Female,Melbourne,Australia,Family,2023-08-05,Comedy,Mobile
974,49,Non-binary,Los Angeles,USA,Free,2020-03-30,Historical Drama,Smart TV
975,71,Male,Chicago,USA,Basic,2020-08-07,Drama,Smart TV
976,18,Non-binary,Los Angeles,USA,Family,2023-09-09,Drama,Desktop
977,60,Non-binary,Melbourne,Australia,Premium,2020-04-10,Comedy,Smart TV
978,61,Male,Melbourne,Australia,Free,2025-03-20,Sci-Fi,Tablet
979,72,Male,Tokyo,Japan,Family,2024-06-28,Romance,Mobile
980,51,Non-binary,London,UK,Family,2024-08-10,Comedy,Mobile
981,55,Female,Paris,France,Free,2024-02-12,Action,Laptop
982,29,Non-binary,Los Angeles,USA,Free,2020-07-26,Romance,Smart TV
983,40,Male,Sydney,Australia,Basic,2022-12-13,Romance,Smart TV
984,56,Male,Melbourne,Australia,Family,2024-03-08,Action,Desktop
985,59,Female,London,UK,Family,2024-12-13,Action,Smart TV
986,27,Non-binary,Berlin,Germany,Family,2022-10-30,Comedy,Smart TV
987,54,Female,Sydney,Australia,Premium,2025-01-22,Comedy,Desktop
988,70,Female,London,UK,Family,2024-04-14,Romance,Tablet
989,62,Female,Paris,France,Basic,2023-02-27,Thriller,Smart TV
990,65,Non-binary,Manchester,UK,Premium,2022-01-07,Drama,Tablet
991,16,Non-binary,Manchester,UK,Free,2021-08-05,Thriller,Mobile
992,24,Female,Sydney,Australia,Free,2021-09-07,Sci-Fi,Smart TV
993,36,Male,Paris,France,Premium,2025-02-25,Thriller,Desktop
994,52,Non-binary,Sydney,Australia,Basic,2020-07-12,Action,Tablet
995,25,Male,London,UK,Premium,2022-01-21,Thriller,Smart TV
996,32,Female,Houston,USA,Free,2023-03-14,Drama,Desktop
997,29,Non-binary,Tokyo,Japan,Free,2024-01-21,Comedy,Tablet
998,47,Non-binary,Chicago,USA,Free,2023-05-04,Romance,Laptop
999,62,Non-binary,New York,USA,Family,2020-06-09,Historical Drama,Mobile
1000,65,Female,Tokyo,Japan,Premium,2024-12-06,Historical Drama,Tablet
